"iteration","key","model","status","cells","cd","cl","openfoam_cd","openfoam_cl","drag_error_ratio","lift_error_ratio","stable","finite","conserved","both_within_3pct","qualified","wall_seconds","source_sha256"
"1","initial-sample","sample","completed","442368","0.383722360321236","0.5323993135779512","0.51482891138665","0.64449962761915","0.25466042828148305","0.17393386937291067","true","false","false","false","false","9.544199999809265","git:7903a4b"
"2","initial-mx5","mx5","completed","294912","0.2980237990104744","-0.21476275370518041","0.31907872050155","0.22678660645210003","0.06598660499195949","1.9469816452786897","true","false","false","false","false","7.5947999997138975","git:7903a4b"
"3","initial-ahmed25","ahmed25","completed","442368","0.3115451810264877","0.0009423503462851067","0.3581666868097","0.404479004762","0.13016706327013342","0.9976702119635614","false","false","false","false","false","12.313900000095368","git:7903a4b"
"4","screen-baseline-sample","sample","completed","125000","0.3395909954648004","0.03361031685783088","0.51482891138665","0.64449962761915","0.34038087614361134","0.9478505255588883","true","true","true","false","false","3.67060000038147","c14034dcad8650bee22586196bae178f6471c510c7a6b9c292be8418d61cd038"
"5","screen-baseline-mx5","mx5","completed","125000","0.21272621875845613","-0.33533490642020775","0.31907872050155","0.22678660645210003","0.3333111702840028","2.4786362901507344","true","true","true","false","false","3.2292999997138976","c14034dcad8650bee22586196bae178f6471c510c7a6b9c292be8418d61cd038"
"6","screen-baseline-ahmed25","ahmed25","completed","125000","0.389181421756084","0.2070116951211261","0.3581666868097","0.404479004762","0.0865930196430096","0.48820163053225935","true","true","true","false","false","2.6679000000953677","c14034dcad8650bee22586196bae178f6471c510c7a6b9c292be8418d61cd038"
"7","screen-stress-sample","sample","completed","125000","0.3492009139118978","0.021687809243067284","0.51482891138665","0.64449962761915","0.3217146391966345","0.9663493843694149","false","true","true","false","false","3.2489000000953676","c14034dcad8650bee22586196bae178f6471c510c7a6b9c292be8418d61cd038"
"8","screen-stress-mx5","mx5","completed","125000","0.2185892547428496","-0.33407755086053986","0.31907872050155","0.22678660645210003","0.31493628155692777","2.4730920669739853","true","true","true","false","false","3.2408000001907347","c14034dcad8650bee22586196bae178f6471c510c7a6b9c292be8418d61cd038"
"9","screen-stress-ahmed25","ahmed25","completed","125000","0.39800011750565606","0.20936702764094337","0.3581666868097","0.404479004762","0.11121478396208369","0.4823785037640278","true","true","true","false","false","2.760799999713898","c14034dcad8650bee22586196bae178f6471c510c7a6b9c292be8418d61cd038"
"10","screen-omega-sample","sample","completed","125000","0.33958917249456644","0.03360687565350684","0.51482891138665","0.64449962761915","0.3403844170679722","0.9478558649014985","true","true","true","false","false","3.2397000002861023","c14034dcad8650bee22586196bae178f6471c510c7a6b9c292be8418d61cd038"
"11","screen-omega-mx5","mx5","completed","125000","0.212726358977899","-0.33533467468904027","0.31907872050155","0.22678660645210003","0.33331073083306534","2.478635268348031","true","true","true","false","false","3.248700000286102","c14034dcad8650bee22586196bae178f6471c510c7a6b9c292be8418d61cd038"
"12","screen-omega-ahmed25","ahmed25","completed","125000","0.3891767326806552","0.2069503116281752","0.3581666868097","0.404479004762","0.08657992776260456","0.4883533899368965","true","true","true","false","false","2.5360999999046325","c14034dcad8650bee22586196bae178f6471c510c7a6b9c292be8418d61cd038"
"13","screen-gradient-sample","sample","completed","125000","0.3397361580929942","0.03412970534309284","0.51482891138665","0.64449962761915","0.3400989132915198","0.947044646915978","true","true","true","false","false","3.0836999998092653","c14034dcad8650bee22586196bae178f6471c510c7a6b9c292be8418d61cd038"
"14","screen-gradient-mx5","mx5","completed","125000","0.21274991259058312","-0.3355385949086505","0.31907872050155","0.22678660645210003","0.33323691327278704","2.4795344405822313","true","true","true","false","false","3.2245","c14034dcad8650bee22586196bae178f6471c510c7a6b9c292be8418d61cd038"
"15","screen-gradient-ahmed25","ahmed25","completed","125000","0.3892634103101609","0.20714914982574334","0.3581666868097","0.404479004762","0.08682193136790274","0.4878617990379198","true","true","true","false","false","2.549699999809265","c14034dcad8650bee22586196bae178f6471c510c7a6b9c292be8418d61cd038"
"16","screen-sst-viscosity-sample","sample","completed","125000","0.3405312178446211","0.03762126912272093","0.51482891138665","0.64449962761915","0.3385545949091557","0.9416271670137377","false","true","true","false","false","3.056300000190735","c14034dcad8650bee22586196bae178f6471c510c7a6b9c292be8418d61cd038"
"17","screen-sst-viscosity-mx5","mx5","completed","125000","0.2063644540485379","-0.28191928448971304","0.31907872050155","0.22678660645210003","0.3532490862312599","2.243103765694636","true","true","true","false","false","3.123700000286102","c14034dcad8650bee22586196bae178f6471c510c7a6b9c292be8418d61cd038"
"18","screen-sst-viscosity-ahmed25","ahmed25","completed","125000","0.3914206330297746","0.1822472590938498","0.3581666868097","0.404479004762","0.09284488883172708","0.5494271471492417","true","true","true","false","false","2.550900000095367","c14034dcad8650bee22586196bae178f6471c510c7a6b9c292be8418d61cd038"
"19","screen-pressure-sample","sample","completed","125000","0.3269919435039462","-0.009676832215920441","0.51482891138665","0.64449962761915","0.36485318467601224","1.0150144884515568","true","true","true","false","false","3.251200000286102","c14034dcad8650bee22586196bae178f6471c510c7a6b9c292be8418d61cd038"
"20","screen-pressure-mx5","mx5","completed","125000","0.20568758612332555","-0.33927945967146916","0.31907872050155","0.22678660645210003","0.35537040577318485","2.4960295274012534","true","true","true","false","false","3.2452999997138976","c14034dcad8650bee22586196bae178f6471c510c7a6b9c292be8418d61cd038"
"21","screen-pressure-ahmed25","ahmed25","completed","125000","0.3890466900260106","0.21293249642838458","0.3581666868097","0.404479004762","0.08621684917536089","0.4735635374852733","true","true","true","false","false","2.576","c14034dcad8650bee22586196bae178f6471c510c7a6b9c292be8418d61cd038"
"22","250k-baseline-sample","sample","completed","250000","0.31521547125417276","0.09900930609897546","0.51482891138665","0.64449962761915","0.387727720253384","0.8463780243524323","false","true","true","false","false","20.167199999809267","c14034dcad8650bee22586196bae178f6471c510c7a6b9c292be8418d61cd038"
"23","250k-baseline-mx5","mx5","completed","250000","0.2602447361583702","-0.15804183130153016","0.31907872050155","0.22678660645210003","0.1843870511035662","1.6968746248906477","true","true","true","false","false","20.147300000190736","c14034dcad8650bee22586196bae178f6471c510c7a6b9c292be8418d61cd038"
"24","250k-baseline-ahmed25","ahmed25","completed","250000","0.2879994515669839","0.10003094127128369","0.3581666868097","0.404479004762","0.1959066485711361","0.7526918824126779","true","true","true","false","false","15.105200000286102","c0e1e11b029f25a473e99201f48d8b265854cb5de710e414413bc02ab081d22d"
"25","250k-stress-omega-sample","sample","completed","250000","0.32351405214210416","0.08701178747750848","0.51482891138665","0.64449962761915","0.37160861601430806","0.8649932695866105","true","true","true","false","false","20.077400000095366","c0e1e11b029f25a473e99201f48d8b265854cb5de710e414413bc02ab081d22d"
"26","250k-stress-omega-mx5","mx5","completed","250000","0.2646402791972059","-0.16942069774895138","0.31907872050155","0.22678660645210003","0.17061131879548094","1.7470489567237077","true","true","true","false","false","20.11939999961853","c0e1e11b029f25a473e99201f48d8b265854cb5de710e414413bc02ab081d22d"
"27","250k-stress-omega-ahmed25","ahmed25","completed","250000","0.29766330938202645","0.10336179695926129","0.3581666868097","0.404479004762","0.1689251950442281","0.7444569539027606","true","true","true","false","false","14.794300000190734","c0e1e11b029f25a473e99201f48d8b265854cb5de710e414413bc02ab081d22d"
"28","250k-stress-gradient-sample","sample","completed","250000","0.32355776469070163","0.08658596097576514","0.51482891138665","0.64449962761915","0.37152370907215565","0.86565397827207","true","true","true","false","false","20.0435","c0e1e11b029f25a473e99201f48d8b265854cb5de710e414413bc02ab081d22d"
"29","250k-stress-gradient-mx5","mx5","completed","250000","0.26482187205181423","-0.17071294469870046","0.31907872050155","0.22678660645210003","0.17004220264031117","1.7527470310939945","true","true","false","false","false","20.23940000009537","c0e1e11b029f25a473e99201f48d8b265854cb5de710e414413bc02ab081d22d"
"30","250k-stress-gradient-ahmed25","ahmed25","completed","250000","0.29765780751832255","0.10290894102831541","0.3581666868097","0.404479004762","0.16894055622634394","0.7455765569615456","true","true","true","false","false","14.7875","c0e1e11b029f25a473e99201f48d8b265854cb5de710e414413bc02ab081d22d"
"31","250k-sst-consistent-sample","sample","completed","250000","0.33243461385036205","0.13039285332606385","0.51482891138665","0.64449962761915","0.35428138067270476","0.7976835862454275","false","true","false","false","false","19.43259999990463","c0e1e11b029f25a473e99201f48d8b265854cb5de710e414413bc02ab081d22d"
"32","250k-sst-consistent-mx5","mx5","completed","250000","0.24662463853436012","-0.13004394459285967","0.31907872050155","0.22678660645210003","0.22707274823373225","1.5734198620778184","true","true","true","false","false","18.867199999809266","c0e1e11b029f25a473e99201f48d8b265854cb5de710e414413bc02ab081d22d"
"33","250k-sst-consistent-ahmed25","ahmed25","completed","250000","0.32707142867123856","0.2291291283032467","0.3581666868097","0.404479004762","0.08681784008288537","0.43352034195676276","true","true","true","false","false","12.798900000095367","c0e1e11b029f25a473e99201f48d8b265854cb5de710e414413bc02ab081d22d"
"34","250k-volume-consistent-sample","sample","completed","250000","0.31422550142025224","0.06513995587458726","0.51482891138665","0.64449962761915","0.38965063058733185","0.8989294127054486","true","true","true","false","false","19.764200000286102","c0e1e11b029f25a473e99201f48d8b265854cb5de710e414413bc02ab081d22d"
"35","250k-volume-consistent-mx5","mx5","completed","250000","0.24671957248544957","-0.27661044419079145","0.31907872050155","0.22678660645210003","0.22677522306207484","2.2196947981988293","true","true","true","false","false","20.340200000286103","c0e1e11b029f25a473e99201f48d8b265854cb5de710e414413bc02ab081d22d"
"36","250k-volume-consistent-ahmed25","ahmed25","completed","250000","0.29666404687986203","0.10691913291842936","0.3581666868097","0.404479004762","0.1717151320734509","0.7356620945471773","true","true","true","false","false","14.822599999904632","c0e1e11b029f25a473e99201f48d8b265854cb5de710e414413bc02ab081d22d"
"37","250k-clearance-sample","sample","completed","250000","0.35261534763477603","0.1555433334847009","0.51482891138665","0.64449962761915","0.3150824675229774","0.7586603206284316","true","true","true","false","false","23.219","c0e1e11b029f25a473e99201f48d8b265854cb5de710e414413bc02ab081d22d"
"38","250k-clearance-mx5","mx5","completed","250000","0.25628465452471494","-0.25622746893636855","0.31907872050155","0.22678660645210003","0.19679803741888838","2.129817465611607","true","true","true","false","false","21.76060000038147","7b4a2983b3fe63764b92df2d5fcdf70527df014179076fba64adbb245e688548"
"39","250k-clearance-ahmed25","ahmed25","completed","250000","0.29766208756949947","0.10334967864316114","0.3581666868097","0.404479004762","0.1689286063400632","0.7444869142120906","true","true","true","false","false","14.850900000095367","7b4a2983b3fe63764b92df2d5fcdf70527df014179076fba64adbb245e688548"
"40","250k-centroid-sample","sample","completed","250000","0.31616421336335326","0.095342767932817","0.51482891138665","0.64449962761915","0.3858848903574771","0.8520669929864454","false","true","true","false","false","19.759700000286102","d8b165d30909fc951d71c6bc195cff11d7618913cbebd94fcacc67b7832fdc14"
"41","250k-centroid-mx5","mx5","completed","250000","0.2596253682626542","-0.15324848200806118","0.31907872050155","0.22678660645210003","0.18632816423935422","1.675738679658003","true","true","true","false","false","19.937","d8b165d30909fc951d71c6bc195cff11d7618913cbebd94fcacc67b7832fdc14"
"42","250k-centroid-ahmed25","ahmed25","completed","250000","0.2885804259761897","0.10301589579785812","0.3581666868097","0.404479004762","0.19428457027462923","0.745312130951089","true","true","true","false","false","14.824699999809265","d8b165d30909fc951d71c6bc195cff11d7618913cbebd94fcacc67b7832fdc14"
"43","250k-centroid-stress-sample","sample","completed","250000","0.32209202314865915","0.0928301450717412","0.51482891138665","0.64449962761915","0.37437075497347194","0.8559655566991318","false","true","true","false","false","19.545099999904632","d8b165d30909fc951d71c6bc195cff11d7618913cbebd94fcacc67b7832fdc14"
"44","250k-centroid-stress-mx5","mx5","completed","250000","0.2638980331000005","-0.16356726507880393","0.31907872050155","0.22678660645210003","0.17293753502211837","1.7212386464866092","true","true","true","false","false","19.611199999809266","d8b165d30909fc951d71c6bc195cff11d7618913cbebd94fcacc67b7832fdc14"
"45","250k-centroid-stress-ahmed25","ahmed25","completed","250000","0.2974423989853124","0.10564529552079563","0.3581666868097","0.404479004762","0.1695419760147918","0.7388114233940065","false","true","true","false","false","14.553800000190735","d8b165d30909fc951d71c6bc195cff11d7618913cbebd94fcacc67b7832fdc14"
"46","250k-centroid-sst-sample","sample","completed","250000","0.3337881069928271","0.13961477137213057","0.51482891138665","0.64449962761915","0.35165236526092547","0.7833749386514273","false","true","true","false","false","19.266799999713896","d8b165d30909fc951d71c6bc195cff11d7618913cbebd94fcacc67b7832fdc14"
"47","250k-centroid-sst-mx5","mx5","completed","250000","0.24690669272573598","-0.1290092867044032","0.31907872050155","0.22678660645210003","0.22618878395390654","1.568857609021331","true","true","true","false","false","18.798299999713898","d8b165d30909fc951d71c6bc195cff11d7618913cbebd94fcacc67b7832fdc14"
"48","250k-centroid-sst-ahmed25","ahmed25","completed","250000","0.3276372778687599","0.2315082144400148","0.3581666868097","0.404479004762","0.08523799131872048","0.42763848873630206","true","true","true","false","false","12.756300000190734","d8b165d30909fc951d71c6bc195cff11d7618913cbebd94fcacc67b7832fdc14"
"49","250k-centroid-conservative-sample","sample","completed","250000","0.32000634979042003","0.04390486947000519","0.51482891138665","0.64449962761915","0.37842195200632994","0.9318775875291124","false","true","true","false","false","19.60189999961853","d8b165d30909fc951d71c6bc195cff11d7618913cbebd94fcacc67b7832fdc14"
"50","250k-centroid-conservative-mx5","mx5","completed","250000","0.24524977407304738","-0.27139338315698214","0.31907872050155","0.22678660645210003","0.2313816048668278","2.1966905250831186","true","true","true","false","false","19.96159999990463","d8b165d30909fc951d71c6bc195cff11d7618913cbebd94fcacc67b7832fdc14"
"51","250k-centroid-conservative-ahmed25","ahmed25","completed","250000","0.29627312023137525","0.10900724962014736","0.3581666868097","0.404479004762","0.17280659775935509","0.7304996097775497","false","true","true","false","false","14.492599999904632","d8b165d30909fc951d71c6bc195cff11d7618913cbebd94fcacc67b7832fdc14"
"52","500k-baseline-sample","sample","completed","500000","0.3019984228427066","0.3593113192836187","0.51482891138665","0.64449962761915","0.41340042067703947","0.44249569140799533","true","true","true","false","false","55.56359999990463","d8b165d30909fc951d71c6bc195cff11d7618913cbebd94fcacc67b7832fdc14"
"53","500k-baseline-mx5","mx5","completed","500000","0.27298574602864506","-0.012302240736698165","0.31907872050155","0.22678660645210003","0.14445643507800465","1.0542458874849672","false","false","false","false","false","94.08809999990463","d8b165d30909fc951d71c6bc195cff11d7618913cbebd94fcacc67b7832fdc14"
"54","500k-baseline-ahmed25","ahmed25","completed","500000","0.3695167479878497","0.03747946422793859","0.3581666868097","0.404479004762","0.031689326774771265","0.9073389130543577","false","true","false","false","false","39.802800000190736","d8b165d30909fc951d71c6bc195cff11d7618913cbebd94fcacc67b7832fdc14"
"55","500k-baseline-sample-wing","sample-wing","completed","500000","0.43024949475875435","0.11796404839594526","0.6778444326126","0.41586013778040004","0.36526808503766306","0.7163372064810943","false","true","true","false","false","57.884","d8b165d30909fc951d71c6bc195cff11d7618913cbebd94fcacc67b7832fdc14"
"56","500k-stress-omega-sample","sample","completed","500000","0.31290508901432756","0.34909142518399766","0.51482891138665","0.64449962761915","0.3922153902127543","0.458352789940968","true","true","true","false","false","57.23240000009537","d8b165d30909fc951d71c6bc195cff11d7618913cbebd94fcacc67b7832fdc14"
"57","500k-stress-omega-mx5","mx5","completed","500000","0.2340441642077587","-0.03876870333786329","0.31907872050155","0.22678660645210003","0.2665002421976875","1.1709479406406291","false","true","false","false","false","57.1135","d8b165d30909fc951d71c6bc195cff11d7618913cbebd94fcacc67b7832fdc14"
"58","500k-stress-omega-ahmed25","ahmed25","completed","500000","0.3792666995677463","0.04325691795416505","0.3581666868097","0.404479004762","0.058911153759135304","0.8930552205555937","false","true","false","false","false","41.353","d8b165d30909fc951d71c6bc195cff11d7618913cbebd94fcacc67b7832fdc14"
"59","500k-stress-omega-sample-wing","sample-wing","completed","500000","0.4407023489816541","0.095659661154724","0.6778444326126","0.41586013778040004","0.34984735762590047","0.7699715542218228","false","true","true","false","false","59.57889999961853","d8b165d30909fc951d71c6bc195cff11d7618913cbebd94fcacc67b7832fdc14"
"60","500k-centroid-stress-sample","sample","completed","500000","0.31257870121793613","0.34975131110011215","0.51482891138665","0.64449962761915","0.3928493635370424","0.457328916709959","true","true","true","false","false","57.9087999997139","d8b165d30909fc951d71c6bc195cff11d7618913cbebd94fcacc67b7832fdc14"
"61","500k-centroid-stress-mx5","mx5","completed","500000","0.2336152536949769","-0.0379595153962766","0.31907872050155","0.22678660645210003","0.2678444575440058","1.1673798818639411","false","true","false","false","false","56.731099999904636","d8b165d30909fc951d71c6bc195cff11d7618913cbebd94fcacc67b7832fdc14"
"62","500k-centroid-stress-ahmed25","ahmed25","completed","500000","0.3808905864854309","0.039141114465407544","0.3581666868097","0.404479004762","0.06344503973314665","0.9032307882372322","false","true","false","false","false","41.77569999980926","d8b165d30909fc951d71c6bc195cff11d7618913cbebd94fcacc67b7832fdc14"
"63","500k-centroid-stress-sample-wing","sample-wing","completed","500000","0.4405310960240233","0.10119900625496221","0.6778444326126","0.41586013778040004","0.350100001078279","0.7566513424559063","false","true","true","false","false","59.50769999980926","d8b165d30909fc951d71c6bc195cff11d7618913cbebd94fcacc67b7832fdc14"
"64","500k-focused-stress-sample","sample","completed","500000","0.40959806610844485","0.5528542066759402","0.51482891138665","0.64449962761915","0.20439964219331502","0.1421962356778354","true","true","true","false","false","121.62109999990463","d8b165d30909fc951d71c6bc195cff11d7618913cbebd94fcacc67b7832fdc14"
"65","500k-focused-stress-mx5","mx5","completed","500000","0.27123588265840554","-0.11120889758979524","0.31907872050155","0.22678660645210003","0.1499405468592258","1.490368013039094","false","true","false","false","false","113.48990000009536","d8b165d30909fc951d71c6bc195cff11d7618913cbebd94fcacc67b7832fdc14"
"66","500k-focused-stress-ahmed25","ahmed25","completed","500000","0.3591166000476952","0.23413834996659177","0.3581666868097","0.404479004762","0.002652154075121756","0.4211359620399545","false","true","false","false","false","92.29259999990464","d8b165d30909fc951d71c6bc195cff11d7618913cbebd94fcacc67b7832fdc14"
"67","500k-focused-stress-sample-wing","sample-wing","completed","500000","0.5341852086886715","0.3059675873215956","0.6778444326126","0.41586013778040004","0.21193538961473224","0.264253628744851","false","true","true","false","false","120.3865","d8b165d30909fc951d71c6bc195cff11d7618913cbebd94fcacc67b7832fdc14"
"68","1000000-stress-omega-sample","sample","completed","1000000","0.36204166768857554","0.3807886066339281","0.51482891138665","0.64449962761915","0.29677285078367954","0.40917171970975125","true","true","true","false","false","176.8782999997139","d8b165d30909fc951d71c6bc195cff11d7618913cbebd94fcacc67b7832fdc14"
"69","1000000-stress-omega-mx5","mx5","completed","1000000","0.25371213038570495","-0.11228978369364147","0.31907872050155","0.22678660645210003","0.2048603868446549","1.4951341062434318","true","true","false","false","false","166.08219999980926","d8b165d30909fc951d71c6bc195cff11d7618913cbebd94fcacc67b7832fdc14"
"70","1000000-focused-stress-sample","sample","completed","1000000","0.4243094593252994","0.527142983441968","0.51482891138665","0.64449962761915","0.17582433709393627","0.1820895453589476","true","true","true","false","false","275.3812000002861","d8b165d30909fc951d71c6bc195cff11d7618913cbebd94fcacc67b7832fdc14"
"71","1000000-focused-stress-mx5","mx5","completed","1000000","0.29502428775739004","0.011750879187566102","0.31907872050155","0.22678660645210003","0.07538714178855158","0.9481853034824258","false","true","false","false","false","273.4050999999046","d8b165d30909fc951d71c6bc195cff11d7618913cbebd94fcacc67b7832fdc14"
"72","2000000-stress-omega-sample","sample","completed","2000000","0.39291680165941195","0.43207987519522506","0.51482891138665","0.64449962761915","0.2368012111030782","0.3295886348431667","true","true","true","false","false","757.6404000000954","d8b165d30909fc951d71c6bc195cff11d7618913cbebd94fcacc67b7832fdc14"
"73","2000000-stress-omega-mx5","mx5","completed","2000000","0.27819175402608864","0.030320629461747118","0.31907872050155","0.22678660645210003","0.1281406870730596","0.8663032621895544","false","true","true","false","false","613.8389000000954","d8b165d30909fc951d71c6bc195cff11d7618913cbebd94fcacc67b7832fdc14"
"74","2000000-focused-stress-sample","sample","completed","2000000","0.4269924742452406","0.5669032062188598","0.51482891138665","0.64449962761915","0.17061286807850212","0.1203979305417749","true","true","false","false","false","782.3085","d8b165d30909fc951d71c6bc195cff11d7618913cbebd94fcacc67b7832fdc14"
"75","2000000-focused-stress-mx5","mx5","completed","2000000","0.27904051388180745","-0.028093934016023038","0.31907872050155","0.22678660645210003","0.12548065429373584","1.1238782768327054","false","true","false","false","false","600.6665999999046","11cdf50eb087444ef432c962232360afb8b05d7a770f0894c880c1a70e71d870"
"76","long-baseline-sample","sample","completed","500000","0.3019984592190318","0.35931139235777887","0.51482891138665","0.64449962761915","0.41340035001992526","0.44249557802676587","true","true","true","false","false","178.8632000002861","11cdf50eb087444ef432c962232360afb8b05d7a770f0894c880c1a70e71d870"
"77","long-baseline-sample-yaw10","sample-yaw10","completed","500000","0.3559078291370059","0.2706487906108158","0.6095617804836","0.7186922284630002","0.4161250909552695","0.6234148918103274","true","true","true","false","false","219.31639999961854","11cdf50eb087444ef432c962232360afb8b05d7a770f0894c880c1a70e71d870"
"78","long-baseline-sample-wing","sample-wing","completed","500000","0.43007338491904223","0.1166597935304428","0.6778444326126","0.41586013778040004","0.3655278936769895","0.7194734889641036","false","true","true","false","false","183.82090000009538","11cdf50eb087444ef432c962232360afb8b05d7a770f0894c880c1a70e71d870"
"79","long-baseline-mx5","mx5","completed","500000","0.27301885530008313","-0.01153432913088602","0.31907872050155","0.22678660645210003","0.14435266986487472","1.0508598338823074","false","false","false","false","false","305.71169999980924","11cdf50eb087444ef432c962232360afb8b05d7a770f0894c880c1a70e71d870"
"80","long-baseline-z4","z4","completed","500000","0.46124762271663355","-0.6677165688538186","0.4405646696144","-0.31017978320460005","0.04694646332021157","1.1526759802181594","true","true","true","false","false","188.8452000002861","11cdf50eb087444ef432c962232360afb8b05d7a770f0894c880c1a70e71d870"
"81","long-baseline-z4-wing","z4-wing","completed","500000","0.4851026905516456","-0.6147635212944206","0.4442281998358","-0.1539703408694","0.0920123727646153","2.992739886286752","true","true","true","false","false","184.4025","11cdf50eb087444ef432c962232360afb8b05d7a770f0894c880c1a70e71d870"
"82","long-baseline-simple-car","simple-car","completed","500000","0.3882882319437655","0.16501497432621268","0.3705148213407999","0.49258259347919997","0.047969499677902525","0.6650003948359562","false","false","false","false","false","171.9405","11cdf50eb087444ef432c962232360afb8b05d7a770f0894c880c1a70e71d870"
"83","long-baseline-ahmed25","ahmed25","completed","500000","0.3700595744862086","0.040642276912530785","0.3581666868097","0.404479004762","0.03320489625219523","0.8995194399856546","false","true","false","false","false","122.53910000038147","11cdf50eb087444ef432c962232360afb8b05d7a770f0894c880c1a70e71d870"
"84","long-focused-stress-sample","sample","completed","500000","0.40952062398860867","0.5534600048135924","0.51482891138665","0.64449962761915","0.20455006521370755","0.14125628457206046","true","true","true","false","false","378.494","11cdf50eb087444ef432c962232360afb8b05d7a770f0894c880c1a70e71d870"
"85","long-focused-stress-sample-yaw10","sample-yaw10","completed","500000","0.4690045501853291","0.4228302113924242","0.6095617804836","0.7186922284630002","0.23058734126466862","0.41166719960685866","true","true","true","false","false","421.0985","11cdf50eb087444ef432c962232360afb8b05d7a770f0894c880c1a70e71d870"
"86","long-focused-stress-sample-wing","sample-wing","completed","500000","0.5342738115654949","0.3117044084036215","0.6778444326126","0.41586013778040004","0.2118046769134684","0.25045855544774337","true","true","true","false","false","384.38940000009535","11cdf50eb087444ef432c962232360afb8b05d7a770f0894c880c1a70e71d870"
"87","long-focused-stress-mx5","mx5","completed","500000","0.27158305959811313","-0.10813188300095589","0.31907872050155","0.22678660645210003","0.14885248639827786","1.4768001280701495","false","true","true","false","false","347.8207000002861","11cdf50eb087444ef432c962232360afb8b05d7a770f0894c880c1a70e71d870"
"88","long-focused-stress-z4","z4","completed","500000","0.5471446987176515","-0.9643629839788824","0.4405646696144","-0.31017978320460005","0.24191687725784874","2.1090452576103957","true","true","true","false","false","339.6198000001907","11cdf50eb087444ef432c962232360afb8b05d7a770f0894c880c1a70e71d870"
"89","long-focused-stress-z4-wing","z4-wing","completed","500000","0.5297476912778185","-0.884281529025448","0.4442281998358","-0.1539703408694","0.19251252278362585","4.74319394262762","true","true","true","false","false","284.4585","11cdf50eb087444ef432c962232360afb8b05d7a770f0894c880c1a70e71d870"
"90","long-focused-stress-simple-car","simple-car","completed","500000","0.36575168638577843","0.1938133172288722","0.3705148213407999","0.49258259347919997","0.012855450526337561","0.6065364066969284","false","true","true","false","false","346.40709999990463","11cdf50eb087444ef432c962232360afb8b05d7a770f0894c880c1a70e71d870"
"91","long-focused-stress-ahmed25","ahmed25","completed","500000","0.3575339066912035","0.22446685732469582","0.3581666868097","0.404479004762","0.0017667196358568562","0.4450469500715503","false","true","true","false","false","280.68019999980925","11cdf50eb087444ef432c962232360afb8b05d7a770f0894c880c1a70e71d870"
"92","final-baseline-sample","sample","completed","500000","0.3019984860890018","0.3593111911468922","0.51482891138665","0.64449962761915","0.41340029782788745","0.4424958902238224","true","true","true","false","false","223.06519999980927","11cdf50eb087444ef432c962232360afb8b05d7a770f0894c880c1a70e71d870"
"93","final-baseline-sample-yaw10","sample-yaw10","completed","500000","0.35591268287548705","0.270617595728962","0.6095617804836","0.7186922284630002","0.4161171282866171","0.6234582968738837","true","true","true","false","false","277.18490000009535","11cdf50eb087444ef432c962232360afb8b05d7a770f0894c880c1a70e71d870"
"94","final-baseline-sample-wing","sample-wing","completed","500000","0.4301671740180629","0.11614646956976231","0.6778444326126","0.41586013778040004","0.36538952992491264","0.720707855795751","false","true","true","false","false","227.2685","11cdf50eb087444ef432c962232360afb8b05d7a770f0894c880c1a70e71d870"
"95","final-baseline-mx5","mx5","completed","500000","0.27303474432964975","-0.011731159914213972","0.31907872050155","0.22678660645210003","0.14430287328319844","1.0517277457330432","false","false","false","false","false","378.39389999961855","11cdf50eb087444ef432c962232360afb8b05d7a770f0894c880c1a70e71d870"
"96","final-baseline-z4","z4","completed","500000","0.4612238431503784","-0.6676237022763772","0.4405646696144","-0.31017978320460005","0.04689248811998508","1.1523765842469524","true","true","true","false","false","231.129","11cdf50eb087444ef432c962232360afb8b05d7a770f0894c880c1a70e71d870"
"97","final-baseline-z4-wing","z4-wing","completed","500000","0.4851041830546936","-0.6147711382120552","0.4442281998358","-0.1539703408694","0.09201573253116893","2.992789356318393","true","true","true","false","false","231.20769999980928","11cdf50eb087444ef432c962232360afb8b05d7a770f0894c880c1a70e71d870"
"98","final-baseline-simple-car","simple-car","completed","500000","0.38217342658619613","0.12163319063059672","0.3705148213407999","0.49258259347919997","0.03146596188300022","0.7530704652564365","false","false","false","false","false","218.44409999990464","11cdf50eb087444ef432c962232360afb8b05d7a770f0894c880c1a70e71d870"
"99","final-baseline-ahmed25","ahmed25","completed","500000","0.37010734434162457","0.041967797606513334","0.3581666868097","0.404479004762","0.03333826950318485","0.8962423336874861","false","true","false","false","false","150.57770000028611","11cdf50eb087444ef432c962232360afb8b05d7a770f0894c880c1a70e71d870"
"100","final-baseline-sample-repeat","sample","completed","500000","0.30199849696349","0.35931120259180327","0.51482891138665","0.64449962761915","0.4134002767053592","0.44249587246599825","true","true","true","false","false","215.98859999990464","11cdf50eb087444ef432c962232360afb8b05d7a770f0894c880c1a70e71d870"
