iteration,key,model,status,cells,fluidCells,passes,algorithm,cd,cl,cdErrorPct,clErrorPct,stable,finite,conserved,wallSeconds,sourceSnapshot,source
1,"control-sample","sample","completed",250000,248320,16,"",0.3148930488172607,0.10076032667015754,38.835399129174434,84.36611561090007,false,true,true,18.1835,"","8ad0baa2a73a60f4cea628bfb3fda7b462e24a1eab2f0c09b372079ebf404e46"
2,"sst-sample","sample","completed",250000,248320,16,"",0.3328016828883605,0.1380868310624888,35.356838839530965,78.57456775070666,false,true,true,23.082,"","8ad0baa2a73a60f4cea628bfb3fda7b462e24a1eab2f0c09b372079ebf404e46"
3,"simple-start-sample","sample","failed","","",8,"","","",null,null,"","","","","","8ad0baa2a73a60f4cea628bfb3fda7b462e24a1eab2f0c09b372079ebf404e46"
4,"simple-finite-0.3-sample","sample","completed",125000,124247,8,"",0.3407306120273634,-0.2872330790076128,33.81672930728909,144.56683397454896,true,true,true,8.959300000190735,"","d772bc50d964163c2651e625708334461d75a45b0b69d3aa099c83a31fc9d9eb"
5,"simple-finite-0.7-sample","sample","failed","","",8,"","","",null,null,"","","","","","d772bc50d964163c2651e625708334461d75a45b0b69d3aa099c83a31fc9d9eb"
6,"sst-focused-sample","sample","completed",500000,474340,20,"",0.3998926767837466,0.5453512802645712,22.32513210909852,15.38377108468523,true,true,true,172.8497000002861,"","fe7393761f53edbc7cef0fa2a05120829eb689935b3aa3f53c3d744b02c3c7fc"
7,"sst-focused-mx5","mx5","completed",500000,476484,20,"",0.2595671014610887,-0.0740458253374988,18.65107737266742,132.64999926401657,false,true,true,145.31809999990463,"","fe7393761f53edbc7cef0fa2a05120829eb689935b3aa3f53c3d744b02c3c7fc"
8,"simple-low-sample","sample","completed",500000,496346,20,"",0.3558096698668732,0.08090274592839225,30.887783883673386,87.44720051627407,true,true,true,90.08209999990463,"","fe7393761f53edbc7cef0fa2a05120829eb689935b3aa3f53c3d744b02c3c7fc"
9,"simple-low-mx5","mx5","completed",500000,495412,20,"",0.4178600314328806,-0.08131967630784755,30.958288530196963,135.857354003409,false,false,false,150.3672000002861,"","a4720f920caaa204e6a49f9480250b58643e9db697aa88a760c907529297fde3"
10,"simple-focused-sample","sample","completed",500000,474340,20,"",0.3815735753487497,0.14558651334896422,25.883421286304188,77.41092358939349,true,true,true,190.4617000002861,"","5bf469106499236a7969fcbee56d3a56a3eff6080fbfe4fcbcd11258f4836b1c"
11,"simple-focused-mx5","mx5","completed",500000,476484,20,"",0.2575057722908305,-0.086063282450749,19.297102644117068,137.94901462530882,false,true,true,156.63859999990464,"","5bf469106499236a7969fcbee56d3a56a3eff6080fbfe4fcbcd11258f4836b1c"
12,"pseudo-focused-sample","sample","completed",500000,474340,20,"staggered-SIMPLE",0.3821893787380937,0.14347581807834228,25.763808075832888,77.73841722634391,true,true,true,192.88189999961853,"","c3e72e819c4c512db87b980c4a2502e5e07d565b9bc0b6339257c4d14938d6c6"
13,"pseudo-focused-mx5","mx5","completed",500000,476484,20,"staggered-SIMPLE",0.2557958033002237,-0.08623406915527276,19.83301083251613,138.02432185230762,false,true,true,160.99940000009536,"","e7b061dd2d43ddad14bbe6e712ee985f11074269933dc1a6d72185255ecce5de"
14,"native-transport-sample","sample","completed",500000,474340,20,"explicit-projection",0.3975688884499584,0.5457778121275572,22.77650309514693,15.317590772904202,true,true,true,145.0055,true,"2a49eaef6fe3b074920227a5d8835e4415ef5d52cd4dd2c2ff2f5b78670c8d75"
15,"native-transport-mx5","mx5","completed",500000,476484,20,"explicit-projection",0.2592268788404228,-0.10662707148182227,18.75770391928611,147.01647647977092,false,true,true,121.327,true,"2a49eaef6fe3b074920227a5d8835e4415ef5d52cd4dd2c2ff2f5b78670c8d75"
16,"native-transport-ahmed25","ahmed25","completed",500000,454894,20,"explicit-projection",0.3741643740939319,0.2616600609274338,4.466548083164345,35.309358990982105,false,true,true,89.53640000009537,true,"2a49eaef6fe3b074920227a5d8835e4415ef5d52cd4dd2c2ff2f5b78670c8d75"
17,"native-simple-sample","sample","completed",500000,474340,20,"staggered-SIMPLE",0.3802154343240492,0.13927791839827136,26.147225628807497,78.38975967871714,true,true,true,169.97769999980926,true,"2a49eaef6fe3b074920227a5d8835e4415ef5d52cd4dd2c2ff2f5b78670c8d75"
18,"native-simple-mx5","mx5","completed",500000,476484,20,"staggered-SIMPLE",0.254839570084985,-0.08060977863534101,20.132696506864978,135.54432948947837,false,true,true,141.30230000019074,true,"2a49eaef6fe3b074920227a5d8835e4415ef5d52cd4dd2c2ff2f5b78670c8d75"
19,"native-simple-ahmed25","ahmed25","failed","","",20,"","","",null,null,"","","","",true,"201b7ef3f1a3d9818dd11c3b5d825214576da5e23b9f42e256a1e0243d9aa354"
20,"native-simplec-sample","sample","failed","","",20,"","","",null,null,"","","","",true,"201b7ef3f1a3d9818dd11c3b5d825214576da5e23b9f42e256a1e0243d9aa354"
21,"native-simplec-mx5","mx5","failed","","",20,"","","",null,null,"","","","",true,"201b7ef3f1a3d9818dd11c3b5d825214576da5e23b9f42e256a1e0243d9aa354"
22,"native-simplec-ahmed25","ahmed25","failed","","",20,"","","",null,null,"","","","",true,"201b7ef3f1a3d9818dd11c3b5d825214576da5e23b9f42e256a1e0243d9aa354"
23,"native-simplec-damped-sample","sample","failed","","",20,"","","",null,null,"","","","",true,"201b7ef3f1a3d9818dd11c3b5d825214576da5e23b9f42e256a1e0243d9aa354"
24,"native-simplec-damped-mx5","mx5","failed","","",20,"","","",null,null,"","","","",true,"201b7ef3f1a3d9818dd11c3b5d825214576da5e23b9f42e256a1e0243d9aa354"
25,"native-simplec-damped-ahmed25","ahmed25","failed","","",20,"","","",null,null,"","","","",true,"201b7ef3f1a3d9818dd11c3b5d825214576da5e23b9f42e256a1e0243d9aa354"
26,"implicit-sst-projection-sample","sample","completed",500000,474340,20,"explicit-projection",0.3973439969621891,0.545767219518265,22.820185857088873,15.31923431292164,true,true,true,267.9727000002861,true,"2c7a10efc5e883705b566757480e422aacc9fd5fe4d986a0399992d0b6b1eeb3"
27,"implicit-sst-projection-mx5","mx5","completed",500000,476484,20,"explicit-projection",0.25894450476190506,-0.10785899797394395,18.846200600629786,147.55968602437068,false,true,true,225.73069999980927,true,"2c7a10efc5e883705b566757480e422aacc9fd5fe4d986a0399992d0b6b1eeb3"
28,"implicit-sst-projection-ahmed25","ahmed25","completed",500000,454894,20,"explicit-projection",0.3753369363821932,0.26506603051532335,4.793927019130072,34.467295608756956,false,true,true,167.889,true,"2c7a10efc5e883705b566757480e422aacc9fd5fe4d986a0399992d0b6b1eeb3"
29,"implicit-sst-simplec-sample","sample","completed",500000,474340,20,"staggered-SIMPLEC",0.37989506896642594,0.1392669676830422,26.20945316703187,78.3914587821394,false,true,true,271.9774000000954,true,"2c7a10efc5e883705b566757480e422aacc9fd5fe4d986a0399992d0b6b1eeb3"
30,"implicit-sst-simplec-mx5","mx5","completed",500000,476484,20,"staggered-SIMPLEC",0.2548814607360565,-0.08135161902754609,20.119567881112165,135.87143892676417,false,true,true,224.78859999990462,true,"2c7a10efc5e883705b566757480e422aacc9fd5fe4d986a0399992d0b6b1eeb3"
31,"implicit-sst-simplec-ahmed25","ahmed25","completed",500000,454894,20,"staggered-SIMPLEC",0.33086120139944625,0.09319238787996045,7.62368093288408,76.9598948813682,false,true,true,172.40990000009538,true,"2c7a10efc5e883705b566757480e422aacc9fd5fe4d986a0399992d0b6b1eeb3"
32,"geometric-projection-sample","sample","completed",500000,474368,20,"explicit-projection",0.40263336077026074,0.5479909497308042,21.79278360925761,14.97420227298798,true,true,true,271.1822000002861,true,"d2c61b0c4c5f67dfd80b4b4ef4268640adebc7cfff165090ab3be8036d58605a"
33,"geometric-projection-mx5","mx5","completed",500000,476499,20,"explicit-projection",0.2426648285825908,-0.05909686108504815,23.948288309181684,126.05835591861995,false,true,true,216.6675,true,"d2c61b0c4c5f67dfd80b4b4ef4268640adebc7cfff165090ab3be8036d58605a"
34,"long-geometric-simplec-sample","sample","completed",500000,474368,30,"staggered-SIMPLEC",0.3804441605409465,0.14210001004307488,26.10279801181893,77.95188640092667,true,true,true,364.98309999990465,true,"d2c61b0c4c5f67dfd80b4b4ef4268640adebc7cfff165090ab3be8036d58605a"
35,"long-geometric-simplec-sample-yaw10","sample-yaw10","completed",500000,474368,30,"staggered-SIMPLEC",0.45493299558556954,0.2441310082685017,25.367204744259826,66.03121633990646,true,true,true,417.81619999980927,true,"d2c61b0c4c5f67dfd80b4b4ef4268640adebc7cfff165090ab3be8036d58605a"
36,"long-geometric-simplec-sample-wing","sample-wing","completed",500000,473409,30,"staggered-SIMPLEC",0.48640160455840953,-0.09867619859480596,28.242885659813833,123.72821764583581,true,true,true,368.0055,true,"d2c61b0c4c5f67dfd80b4b4ef4268640adebc7cfff165090ab3be8036d58605a"
37,"long-geometric-simplec-mx5","mx5","completed",500000,476499,30,"staggered-SIMPLEC",0.24756179594359407,-0.04898664707203602,22.413567550208516,121.60032633249116,true,true,true,299.8737000002861,true,"d2c61b0c4c5f67dfd80b4b4ef4268640adebc7cfff165090ab3be8036d58605a"
38,"long-geometric-simplec-z4","z4","completed",500000,469963,30,"staggered-SIMPLEC",0.4235558306296909,-0.7008915658960253,3.860690644938901,125.96300721304743,true,true,true,285.136,true,"d2c61b0c4c5f67dfd80b4b4ef4268640adebc7cfff165090ab3be8036d58605a"
39,"long-geometric-simplec-z4-wing","z4-wing","completed",500000,469763,30,"staggered-SIMPLEC",0.41093936051581686,-0.6720026871840914,7.493634877814524,336.44943785251104,true,true,true,201.18630000019073,true,"d2c61b0c4c5f67dfd80b4b4ef4268640adebc7cfff165090ab3be8036d58605a"
40,"long-geometric-simplec-simple-car","simple-car","completed",500000,463518,30,"staggered-SIMPLEC",0.2680619220355252,0.016746417917376247,27.6514982408864,96.6002822391483,false,true,true,365.8810999999046,true,"d2c61b0c4c5f67dfd80b4b4ef4268640adebc7cfff165090ab3be8036d58605a"
41,"long-geometric-simplec-ahmed25","ahmed25","completed",500000,454895,30,"staggered-SIMPLEC",0.33160703210946035,0.08373746480324783,7.415445288006706,79.29745083987243,false,true,true,226.2682000002861,true,"d2c61b0c4c5f67dfd80b4b4ef4268640adebc7cfff165090ab3be8036d58605a"
42,"final-sample","sample","completed",500000,474368,40,"explicit-projection",0.40273231964960443,0.5480114291194903,21.773561907221268,14.971024708904391,true,true,true,437.72809999990466,true,"aae5fb6d7542bd2617167d8e41bced658a0afc0e2a5963d2f105cf91cbad67b0"
43,"final-sample-yaw10","sample-yaw10","completed",500000,474368,40,"explicit-projection",0.46716741760490155,0.3972594770809256,23.360119915282237,44.724673323585634,false,true,true,480.165,true,"aae5fb6d7542bd2617167d8e41bced658a0afc0e2a5963d2f105cf91cbad67b0"
44,"final-sample-wing","sample-wing","completed",500000,473409,40,"explicit-projection",0.5215011467005907,0.2945763528700776,23.064773920089454,29.164561325271286,true,true,true,443.50980000019075,true,"aae5fb6d7542bd2617167d8e41bced658a0afc0e2a5963d2f105cf91cbad67b0"
45,"final-mx5","mx5","completed",500000,476499,40,"explicit-projection",0.24188089376794544,-0.05995564495672261,24.193975271136754,126.43703078179176,false,true,true,341.29340000009535,true,"aae5fb6d7542bd2617167d8e41bced658a0afc0e2a5963d2f105cf91cbad67b0"
46,"final-z4","z4","completed",500000,469963,40,"explicit-projection",0.5061042744929077,-0.9097861930923787,14.87627342788759,193.30931361579673,true,true,true,356.7133000001907,true,"aae5fb6d7542bd2617167d8e41bced658a0afc0e2a5963d2f105cf91cbad67b0"
47,"final-z4-wing","z4-wing","completed",500000,469763,40,"explicit-projection",0.5063426439495975,-0.8142621386049413,13.982553142001539,428.8434993435592,true,true,true,312.984,true,"aae5fb6d7542bd2617167d8e41bced658a0afc0e2a5963d2f105cf91cbad67b0"
48,"final-simple-car","simple-car","completed",500000,463518,40,"explicit-projection",0.3453378150579419,0.21974559592513093,6.7951414714663,55.389086249875774,false,true,true,374.07840000009537,true,"aae5fb6d7542bd2617167d8e41bced658a0afc0e2a5963d2f105cf91cbad67b0"
49,"final-ahmed25","ahmed25","completed",500000,454895,40,"explicit-projection",0.3712366066098258,0.24042898824195208,3.6491165374824797,40.55835150617442,false,true,true,280.1182999997139,true,"aae5fb6d7542bd2617167d8e41bced658a0afc0e2a5963d2f105cf91cbad67b0"
50,"final-sample-repeat","sample","completed",500000,474368,40,"explicit-projection",0.4027405985173618,0.5480096737882525,21.771953825861754,14.971297064568006,true,true,true,437.36990000009536,true,"aae5fb6d7542bd2617167d8e41bced658a0afc0e2a5963d2f105cf91cbad67b0"
