iteration,step,cd,cl,cs,pitch_Nm,front_lift_N,rear_lift_N,front_static_N,rear_static_N,front_tyre_total_N,rear_tyre_total_N
1,1,0.99224270474,-0.5307002885,-0.0002651893055754211,1688.9125734,51.393988818571415,-603.1830619285714,7649.187,5099.457999999999,7597.7930111814285,5702.64106192857
2,2,1.5351459124,-0.63412223384,-0.0003925007727324378,1927.3046406,29.002321968571437,-688.3230859285715,7649.187,5099.457999999999,7620.184678031428,5787.78108592857
3,3,1.7203481649,-0.53399991006,-0.00015803867961991836,1594.1255928,14.110754957142944,-569.3305688571429,7649.187,5099.457999999999,7635.076245042857,5668.788568857141
4,4,1.6912394097,-0.30466055096,0.00023512229267069385,951.04327926,22.891267401428593,-339.65831402142857,7649.187,5099.457999999999,7626.295732598572,5439.116314021428
5,5,1.553484449,-0.042838806958,0.0006008470683674359,271.13079167,52.29130493542858,-96.83242559642858,7649.187,5099.457999999999,7596.895695064572,5196.290425596428
6,6,1.3699472861,0.1958674244,0.0007880411332463376,-291.57997462,99.51503118857144,104.13570522142857,7649.187,5099.457999999999,7549.671968811428,4995.32229477857
7,7,1.1800957515,0.37037614947,0.0009588402821873987,-652.77511361,151.9600597135714,233.13396914642857,7649.187,5099.457999999999,7497.2269402864285,4866.324030853571
8,8,1.0092190544,0.46006613795,0.0011313110764158813,-785.7228174,197.7327951714285,280.6152919285715,7649.187,5099.457999999999,7451.454204828571,4818.842708071427
9,9,0.86619894436,0.47719558689,0.0012861603402959554,-736.03116222,233.2899479385714,262.8682722214286,7649.187,5099.457999999999,7415.897052061428,4836.58972777857
10,10,0.75964018853,0.44250376525,0.001416547516942486,-565.7333086,258.04021669571426,202.04761021428573,7649.187,5099.457999999999,7391.146783304285,4897.410389785713
11,11,0.68996032343,0.37935911851,0.0014426916288605566,-342.11971162,272.2483487271428,122.18561129285715,7649.187,5099.457999999999,7376.938651272857,4977.2723887071415
12,12,0.65409339673,0.31133746158,0.0013810170591905008,-125.88757646,278.7494332742857,44.95984873571429,7649.187,5099.457999999999,7370.4375667257145,5054.498151264284
13,13,0.64671114774,0.2547901106,0.0012684837983109461,45.609740347,281.20406492107145,-16.28919298107143,7649.187,5099.457999999999,7367.982935078929,5115.74719298107
14,14,0.66112921189,0.21544423524,0.0010968366827541372,160.73496678,281.41082905857144,-57.40534527857144,7649.187,5099.457999999999,7367.776170941428,5156.86334527857
15,15,0.68785459158,0.19618151107,0.0007713076975881261,216.17493232,281.18263711142856,-77.20533297142858,7649.187,5099.457999999999,7368.004362888571,5176.663332971428
16,16,0.72003630505,0.19258577566,0.0004461446449421298,227.45698557,281.47332034357146,-81.23463770357144,7649.187,5099.457999999999,7367.713679656428,5180.69263770357
17,17,0.74966675353,0.20017764532,0.000012369647967976251,206.67252193,281.943850365,-73.811614975,7649.187,5099.457999999999,7367.243149635,5173.269614974999
18,18,0.7716943429,0.21411399869,-0.00031303601217804816,165.58610831,281.760282585,-59.137895825,7649.187,5099.457999999999,7367.426717415,5158.5958958249985
19,19,0.78511087661,0.23022620134,-0.0004863972025715176,114.24154706,280.17540307142855,-40.80055252142858,7649.187,5099.457999999999,7369.011596928572,5140.258552521427
20,20,0.79071715448,0.24416849948,-0.0006090327470188051,60.002730176,275.30072940142855,-21.429546491428574,7649.187,5099.457999999999,7373.886270598571,5120.887546491427
21,21,0.78980698371,0.25418398544,-0.0006482845931651799,11.844203354,268.51473341642856,-4.230072626428571,7649.187,5099.457999999999,7380.672266583571,5103.688072626427
22,22,0.78436185807,0.25974422396,-0.0007514020731702857,-29.415191973,259.56042443535716,10.505425704642857,7649.187,5099.457999999999,7389.626575564643,5088.952574295356
23,23,0.77549507958,0.26281520716,-0.000842535258735139,-64.149947384,250.3481715157143,22.910695494285715,7649.187,5099.457999999999,7398.838828484286,5076.547304505713
24,24,0.76456775878,0.2625273466,-0.0008262798127966752,-92.96305104,239.75847789285712,33.20108965714286,7649.187,5099.457999999999,7409.428522107143,5066.256910342856
25,25,0.75221275144,0.26154862827,-0.000788470990247421,-119.28435384,229.34040229714287,42.60155494285714,7649.187,5099.457999999999,7419.846597702857,5056.856445057141
26,26,0.7397868228,0.25984328413,-0.0007183746008485046,-146.07172389,218.00037391214283,52.16847281785714,7649.187,5099.457999999999,7431.186626087857,5047.289527182142
27,27,0.72775126622,0.25861242994,-0.0006722892373042819,-174.64358853,206.51637110071425,62.37271018928571,7649.187,5099.457999999999,7442.6706288992855,5037.085289810713
28,28,0.71606995041,0.25803736907,-0.0004680521184046307,-206.93038167,194.3874611007143,73.90370773928572,7649.187,5099.457999999999,7454.799538899286,5025.554292260713
29,29,0.70484146065,0.25790776301,-0.00022262500131455285,-241.78839924,181.8034128114286,86.35299972857143,7649.187,5099.457999999999,7467.383587188571,5013.105000271427
30,30,0.69416318445,0.25752836043,-0.0000473406809520089,-276.43708237,169.03440398214283,98.72752941785714,7649.187,5099.457999999999,7480.152596017857,5000.730470582142
31,31,0.68390141184,0.25659726594,0.000039977208019983665,-308.482393,156.6215561857143,110.17228321428573,7649.187,5099.457999999999,7492.565443814286,4989.285716785713
32,32,0.6737860429,0.25476411197,0.00002962901051623302,-336.32485367,144.77182101214288,120.11601916785715,7649.187,5099.457999999999,7504.415178987857,4979.341980832141
33,33,0.66429956593,0.25312781243,-0.00005797237320058775,-362.40021881,133.75786836499998,129.428649575,7649.187,5099.457999999999,7515.429131635,4970.0293504249985
34,34,0.6552169069,0.25229285701,-0.00016406445510661223,-387.80561677,123.81637736071426,138.50200598928572,7649.187,5099.457999999999,7525.370622639286,4960.955994010713
35,35,0.64659803641,0.25315334045,-0.0002230982379987829,-414.12300038,115.31198881571427,147.90107156428573,7649.187,5099.457999999999,7533.8750111842855,4951.556928435713
36,36,0.63791668855,0.2560774389,-0.00020846407583608164,-441.63072475,108.52809680071428,157.72525883928571,7649.187,5099.457999999999,7540.658903199285,4941.732741160713
37,37,0.62934386463,0.26124246391,-0.00011718879696587753,-470.26692933,103.6711518792857,167.9524747607143,7649.187,5099.457999999999,7545.5158481207145,4931.505525239284
38,38,0.6211892891,0.26893911216,0.00003387314206870797,-500.4702239,100.88675595142857,178.73936567857143,7649.187,5099.457999999999,7548.300244048572,4920.718634321427
39,39,0.61390660371,0.27890541063,0.0002435078388935955,-531.47723607,100.1751588235714,189.81329859642858,7649.187,5099.457999999999,7549.011841176429,4909.64470140357
40,40,0.608140667,0.29098017416,0.0004899918742413061,-563.10239475,101.435045605,201.10799812500002,7649.187,5099.457999999999,7547.751954395,4898.350001874998
41,41,0.60431653579,0.30439279098,0.0007376090579126381,-593.83997589,104.402940815,212.085705675,7649.187,5099.457999999999,7544.784059185,4887.372294324999
42,42,0.60282430683,0.31829059402,0.0009733607992305751,-621.84729645,108.85039545928566,222.08832016071432,7649.187,5099.457999999999,7540.336604540715,4877.369679839285
43,43,0.60337885893,0.33084013436,0.0011917129621598515,-643.39294838,114.20374941,229.78319585000003,7649.187,5099.457999999999,7534.983250589999,4869.674804149999
44,44,0.60660468528,0.3418787305,0.001342609747178627,-658.91748965,120.13651443499998,235.327674875,7649.187,5099.457999999999,7529.050485565,4864.130325124998
45,45,0.61250840824,0.35099592562,0.0014039681239142114,-668.04291958,126.35692338714284,238.58675699285715,7649.187,5099.457999999999,7522.830076612857,4860.871243007142
46,46,0.62089406849,0.35767842065,0.001333870203446382,-669.84548244,132.66119264714283,239.23052944285715,7649.187,5099.457999999999,7516.525807352857,4860.227470557142
47,47,0.63124995177,0.36155405734,0.0011779232770018553,-663.88556126,138.8193813257143,237.10198616428573,7649.187,5099.457999999999,7510.367618674286,4862.356013835713
48,48,0.64284705458,0.36248577438,0.0009519589844386195,-650.18722305,144.68038626214286,232.20972251785713,7649.187,5099.457999999999,7504.506613737857,4867.248277482142
49,49,0.65459795422,0.36064969201,0.0007243166149751688,-629.73767686,150.0747516357143,224.9063131642857,7649.187,5099.457999999999,7499.112248364286,4874.551686835713
50,50,0.66558351595,0.3568474903,0.0005581686279016252,-605.07811653,154.9284451878571,216.09932733214288,7649.187,5099.457999999999,7494.258554812142,4883.358672667856
51,51,0.6750346459,0.35202649597,0.00048424456773070126,-579.17455107,159.16714922642856,206.84805395357145,7649.187,5099.457999999999,7490.019850773571,4892.6099460464275
52,52,0.68285449669,0.34662325467,0.0004915773831368905,-553.28294169,162.79619914642856,197.60105060357145,7649.187,5099.457999999999,7486.390800853571,4901.856949396427
53,53,0.68909444748,0.3411643858,0.0005386234889662931,-528.88573362,165.83369622285713,188.88776200714287,7649.187,5099.457999999999,7483.353303777143,4910.570237992856
54,54,0.69405403469,0.33594845167,0.0005968631231647346,-506.67896055,168.341483485,180.95677162500002,7649.187,5099.457999999999,7480.845516515,4918.501228374998
55,55,0.69806205033,0.33123783802,0.0006513122432622189,-487.1754414,170.4092236585714,173.9912290714286,7649.187,5099.457999999999,7478.777776341429,4925.46677092857
56,56,0.70133861941,0.32731541789,0.0006900360528334841,-471.21034153,172.0327571307143,168.28940768928572,7649.187,5099.457999999999,7477.154242869286,4931.168592310713
57,57,0.70378168396,0.32429693802,0.0007132753845241113,-459.29992313,173.14805080785712,164.0356868321429,7649.187,5099.457999999999,7476.038949192142,4935.4223131678555
58,58,0.70568696195,0.32215329066,0.0007239537417364898,-451.15010635,173.82986877785711,161.12503798214286,7649.187,5099.457999999999,7475.357131222143,4938.332962017856
59,59,0.70685448631,0.32057593642,0.0007179897599048905,-445.87387532,174.07420241285712,159.24066975714288,7649.187,5099.457999999999,7475.112797587143,4940.2173302428555
60,60,0.70772343869,0.31965227509,0.0007001295176285565,-443.38057582,174.00430105,158.35020565,7649.187,5099.457999999999,7475.18269895,4941.107794349999
61,61,0.70768754569,0.31924414312,0.0006726687402475102,-443.71123416,173.4618586057143,158.46829791428573,7649.187,5099.457999999999,7475.725141394286,4940.989702085713
62,62,0.70712466704,0.3195774617,0.0006420425111235918,-447.44291694,172.47567863571427,159.8010417642857,7649.187,5099.457999999999,7476.711321364286,4939.656958235713
63,63,0.70536432244,0.32047522175,0.0006222034527954878,-454.69784047,170.81806944785714,162.39208588214288,7649.187,5099.457999999999,7478.368930552143,4937.065914117856
64,64,0.70271651491,0.32219225697,0.0006104588153196289,-466.24060725,168.48091892071432,166.5145025892857,7649.187,5099.457999999999,7480.7060810792855,4932.9434974107135
65,65,0.69903214327,0.32459169607,0.0006124351078405936,-481.65667524,165.46996753285708,172.0202411571429,7649.187,5099.457999999999,7483.717032467142,4927.437758842856
66,66,0.69479258005,0.32782997249,0.0006191579301130685,-500.75228135,162.0170661278571,178.84010048214287,7649.187,5099.457999999999,7487.169933872143,4920.617899517856
67,67,0.69012206979,0.3316395257,0.0006216767993577439,-522.42839331,158.23653349071424,186.58156903928574,7649.187,5099.457999999999,7490.950466509285,4912.876430960713
68,68,0.68509450458,0.33521661206,0.0006102069325596734,-543.87899663,154.2948351135714,194.24249879642858,7649.187,5099.457999999999,7494.892164886429,4905.21550120357
69,69,0.67967277608,0.33826892823,0.0005979895398575732,-564.05519804,150.26265695571428,201.44828501428574,7649.187,5099.457999999999,7498.924343044286,4898.009714985713
70,70,0.67425533043,0.34090962083,0.0005757862827916586,-582.95209735,146.25939187499998,208.19717762500002,7649.187,5099.457999999999,7502.927608125,4891.2608223749985
71,71,0.66881538381,0.3432490536,0.0005496314751274508,-600.79934549,142.31777101214288,214.57119481785713,7649.187,5099.457999999999,7506.869228987857,4884.886805182142
72,72,0.66357395537,0.34526224007,0.0005052429869466121,-617.11835052,138.58274072,220.39941090000002,7649.187,5099.457999999999,7510.6042592799995,4879.058589099999
73,73,0.65902004957,0.34692124155,0.0004475447326026567,-631.01523227,135.3444949764286,225.36258295357143,7649.187,5099.457999999999,7513.842505023571,4874.095417046427
74,74,0.65452842226,0.34794828301,0.00037769349065890903,-641.7532746,132.5773335385714,229.19759807142862,7649.187,5099.457999999999,7516.609666461429,4870.26040192857
75,75,0.65019412533,0.34836471794,0.00029961348114630054,-649.26335175,130.32814619785714,231.87976848214285,7649.187,5099.457999999999,7518.858853802143,4867.578231517856
76,76,0.64629452756,0.34873037131,0.00023283461411051574,-655.03215547,128.64804273499996,233.94005552500002,7649.187,5099.457999999999,7520.538957265,4865.517944474998
77,77,0.64307056258,0.34954889357,0.00016294369157058254,-660.34704392,127.60091669857141,235.8382299714286,7649.187,5099.457999999999,7521.5860833014285,4863.61977002857
78,78,0.64027172276,0.3506542508,0.00010209070778466789,-664.77538798,127.16864677857143,237.41978142142858,7649.187,5099.457999999999,7522.018353221429,4862.03821857857
79,79,0.6382500674,0.35177839605,0.00005360488018431762,-667.18186273,127.47800766071427,238.27923668928574,7649.187,5099.457999999999,7521.708992339286,4861.178763310713
80,80,0.63732381112,0.35291734959,0.000020375336436031165,-667.31347328,128.61521677285714,238.3262404571429,7649.187,5099.457999999999,7520.571783227143,4861.131759542855
81,81,0.63744704888,0.35403878531,0.000005989928325397847,-665.26993978,130.51104911571426,237.59640706428573,7649.187,5099.457999999999,7518.675950884286,4861.861592935713
82,82,0.63855356941,0.35522383987,0.000014607275188969201,-661.64818355,133.03667933357139,236.3029226964286,7649.187,5099.457999999999,7516.150320666428,4863.155077303571
83,83,0.64071795035,0.35666454026,0.00003516408255299443,-657.33998643,136.07327160214285,234.76428086785714,7649.187,5099.457999999999,7513.113728397857,4864.693719132141
84,84,0.64382102588,0.35845321445,0.00006325178973435249,-653.01520762,139.47758737285713,233.21971700714286,7649.187,5099.457999999999,7509.709412627143,4866.238282992856
85,85,0.6477626219,0.36040388676,0.0000929374185780601,-648.45255755,143.13529270499998,231.59019912500003,7649.187,5099.457999999999,7506.051707295,4867.8678008749985
86,86,0.6525624351,0.36233621419,0.0001204705736196512,-643.19716882,147.02133083142851,229.71327457857146,7649.187,5099.457999999999,7502.165669168571,4869.744725421428
87,87,0.65812562616,0.36394281515,0.00014374721785718737,-636.46880705,151.09476069785714,227.31028823214288,7649.187,5099.457999999999,7498.092239302143,4872.147711767856
88,88,0.66411870879,0.36489867851,0.00016353689110263449,-627.66193057,155.2339208564286,224.16497520357143,7649.187,5099.457999999999,7493.953079143571,4875.293024796427
89,89,0.67046233938,0.36501945393,0.0001825950757491651,-616.43036072,159.37077055285718,220.15370025714284,7649.187,5099.457999999999,7489.816229447143,4879.304299742856
90,90,0.67642932211,0.36426215979,0.0001999355407261447,-603.36635944,163.24909806571426,215.48798551428573,7649.187,5099.457999999999,7485.937901934286,4883.970014485713
91,91,0.68177011129,0.36260223418,0.00021096810520270128,-588.86208774,166.70330793142858,210.30788847857144,7649.187,5099.457999999999,7482.483692068571,4889.150111521427
92,92,0.6859441351,0.3604632543,0.00022825771319688308,-574.84788127,169.48440376071426,205.30281473928574,7649.187,5099.457999999999,7479.702596239285,4894.155185260713
93,93,0.68897535012,0.35824637651,0.000258923526960089,-562.71129042,171.51392917285716,200.96831800714284,7649.187,5099.457999999999,7477.6730708271425,4898.489681992856
94,94,0.69069646159,0.35631596556,0.0002976852386212096,-553.73312974,172.71329416999998,197.76183205,7649.187,5099.457999999999,7476.47370583,4901.696167949999
95,95,0.69131740227,0.35489927079,0.0003360725112895881,-548.49683382,173.11040896571427,195.89172636428572,7649.187,5099.457999999999,7476.076591034285,4903.566273635713
96,96,0.69092751693,0.35408248963,0.0003691321721637996,-547.21823363,172.71781377071426,195.43508343928573,7649.187,5099.457999999999,7476.469186229286,4904.022916560713
97,97,0.68973945712,0.35391399094,0.0003874129744325343,-549.81289211,171.61595558785714,196.36174718214286,7649.187,5099.457999999999,7477.571044412142,4903.096252817856
98,98,0.68800393981,0.35436604085,0.0003975979553899814,-555.80453038,169.94609809714282,198.50161799285715,7649.187,5099.457999999999,7479.240901902857,4900.956382007142
99,99,0.68612217657,0.35534274241,0.0004017947771861966,-564.31107939,167.92355825928567,201.53967121071432,7649.187,5099.457999999999,7481.263441740714,4897.918328789285
100,100,0.68395102494,0.35643826032,0.00039939341398690905,-573.88717846,165.64257410714285,204.95970659285715,7649.187,5099.457999999999,7483.544425892857,4894.498293407141
101,101,0.6820019403,0.35781504884,0.0003912849590271762,-584.41059306,163.31571061000002,208.71806895,7649.187,5099.457999999999,7485.87128939,4890.739931049999
102,102,0.67993307325,0.35908072738,0.0003757117243148348,-594.67938833,160.96425736785713,212.38549583214288,7649.187,5099.457999999999,7488.222742632142,4887.072504167856
103,103,0.67760661027,0.36008747464,0.0003677605786333803,-604.24652952,158.59417425857143,215.80233197142857,7649.187,5099.457999999999,7490.592825741429,4883.65566802857
104,104,0.67534859604,0.36098196739,0.00035944147075645265,-613.31990941,156.28371924071425,219.04282478928573,7649.187,5099.457999999999,7492.903280759286,4880.415175210713
105,105,0.67298845241,0.36228131848,0.00034907447859722446,-623.64709211,153.94642395499997,222.73110432500002,7649.187,5099.457999999999,7495.240576045,4876.726895674999
106,106,0.67040986823,0.3642407303,0.00033983863051565116,-636.1791093,151.50797777999995,227.20682475000004,7649.187,5099.457999999999,7497.67902222,4872.251175249999
107,107,0.66788300697,0.36700620195,0.00032741028609982925,-651.19419365,149.02081265499996,232.56935487500002,7649.187,5099.457999999999,7500.166187345,4866.888645124999
108,108,0.66528894497,0.3705795974,0.0003115625282529128,-668.64943831,146.50219050499996,238.80337082500003,7649.187,5099.457999999999,7502.684809495,4860.654629174998
109,109,0.66230391867,0.37455080733,0.0002875306581016697,-687.33430199,143.95804141499997,245.476536425,7649.187,5099.457999999999,7505.228958585,4853.981463574999
110,110,0.6595251263,0.37853831515,0.0002664968875066419,-705.45260792,141.6331798885714,251.9473599714286,7649.187,5099.457999999999,7507.553820111429,4847.51064002857
111,111,0.65651513977,0.38228581055,0.0002345403803128163,-722.26413167,139.52547634357143,257.95147559642857,7649.187,5099.457999999999,7509.6615236564285,4841.50652440357
112,112,0.65343734208,0.3853938362,0.00020613578817626712,-736.45237992,137.68977612571427,263.01870711428575,7649.187,5099.457999999999,7511.497223874286,4836.439292885713
113,113,0.65031067268,0.3879147464,0.00017450815903026344,-748.20461487,136.11363461785714,267.21593388214285,7649.187,5099.457999999999,7513.073365382143,4832.242066117856
114,114,0.64736195121,0.39004281534,0.00014591531206886827,-758.03311039,134.81609105642855,270.72611085357147,7649.187,5099.457999999999,7514.3709089435715,4828.731889146427
115,115,0.64457907621,0.39181109561,0.00011431856108705008,-766.06973169,133.78441674357146,273.5963327464286,7649.187,5099.457999999999,7515.402583256428,4825.86166725357
116,116,0.64227333535,0.39335350978,0.00008798019861821743,-772.54680417,133.07488266214284,275.90957291785713,7649.187,5099.457999999999,7516.112117337857,4823.548427082142
117,117,0.6405412934,0.39473324787,0.00006705030666849128,-777.53481156,132.72801709142857,277.6910041285714,7649.187,5099.457999999999,7516.458982908572,4821.766995871427
118,118,0.63915671211,0.39583301429,0.00005485702691343672,-780.82742901,132.69555085785714,278.86693893214283,7649.187,5099.457999999999,7516.491449142142,4820.591061067856
119,119,0.63882864694,0.39674426522,0.00004440217104972467,-782.20714948,133.1502554471428,279.3596962428572,7649.187,5099.457999999999,7516.036744552857,4820.098303757141
120,120,0.63917426475,0.39742576704,0.000037352540955499814,-781.77187517,134.01429364785713,279.2042411321429,7649.187,5099.457999999999,7515.172706352143,4820.253758867856
121,121,0.64025041539,0.39774368502,0.000040332137382661216,-779.11310517,135.29440566214282,278.2546804178572,7649.187,5099.457999999999,7513.892594337857,4821.203319582141
122,122,0.64217617991,0.39773693951,0.0000439865092525358,-774.32140115,136.9987149664285,276.54335755357147,7649.187,5099.457999999999,7512.188285033571,4822.914642446427
123,123,0.64496569851,0.39745095118,0.0000577749499552653,-767.58990048,139.10546951857145,274.13925017142856,7649.187,5099.457999999999,7510.081530481429,4825.31874982857
124,124,0.64828656841,0.39680966738,0.00007036641707641112,-759.01715974,141.50039572999998,271.07755705,7649.187,5099.457999999999,7507.68660427,4828.380442949999
125,125,0.65191078115,0.39566223843,0.00008723001992673839,-748.46715793,144.0752284292857,267.3096992607143,7649.187,5099.457999999999,7505.111771570714,4832.148300739284
126,126,0.6557119753,0.39382870552,0.00010476438882184785,-735.68090485,146.73535417642853,262.7431803035715,7649.187,5099.457999999999,7502.451645823571,4836.714819696427
127,127,0.6596940404,0.39154165342,0.00012125379667271243,-721.488758,149.4260438714286,257.6745564285714,7649.187,5099.457999999999,7499.760956128572,4841.783443571428
128,128,0.66311065633,0.38863114989,0.00014204894739188123,-706.05304434,151.91263862999998,252.16180155000004,7649.187,5099.457999999999,7497.2743613699995,4847.296198449999
129,129,0.66658148908,0.38548309589,0.00017283741960596658,-690.25684375,154.28098856071423,246.52030133928574,7649.187,5099.457999999999,7494.906011439286,4852.937698660713
130,130,0.66943138832,0.38218894876,0.00018892125009003336,-674.96681424,156.3166645757143,241.0595765142857,7649.187,5099.457999999999,7492.870335424285,4858.398423485713
131,131,0.67209564158,0.37903923036,0.00021070097590441557,-660.89487596,158.06747599857138,236.0338842714286,7649.187,5099.457999999999,7491.1195240014285,4863.4241157285705
132,132,0.67413389562,0.37610918675,0.00022319218272569944,-648.68478985,159.3817443678571,231.6731392321429,7649.187,5099.457999999999,7489.805255632143,4867.784860767856
133,133,0.67579111803,0.3737346784,0.0002457654105899221,-639.28566344,160.26970948857144,228.3163083714286,7649.187,5099.457999999999,7488.917290511428,4871.14169162857
134,134,0.67664392852,0.37185365346,0.0002585708460809499,-632.93665948,160.5814384428571,226.0488069571429,7649.187,5099.457999999999,7488.605561557143,4873.409193042856
135,135,0.67694610437,0.37074999736,0.0002782783968220853,-630.41497406,160.33452757857145,225.14820502142857,7649.187,5099.457999999999,7488.8524724214285,4874.30979497857
136,136,0.6764223899,0.3704760858,0.00028869907021500553,-632.11689622,159.44190206571432,225.7560343642857,7649.187,5099.457999999999,7489.745097934286,4873.701965635713
137,137,0.67529561315,0.37121423194,0.00030671633876553614,-638.34120911,157.98641151642855,227.97900325357145,7649.187,5099.457999999999,7491.200588483572,4871.478996746428
138,138,0.67355443886,0.37280896849,0.000308954231930538,-648.37231114,156.06198270714287,231.56153969285714,7649.187,5099.457999999999,7493.125017292857,4867.896460307142
139,139,0.6714971485,0.37530090128,0.00031200369704014835,-661.77291781,153.86700811357144,236.34747064642858,7649.187,5099.457999999999,7495.319991886428,4863.11052935357
140,140,0.66917691456,0.37823543568,0.00030135808614589976,-676.82854387,151.54114472642854,241.72447995357143,7649.187,5099.457999999999,7497.645855273571,4857.733520046428
141,141,0.66647355022,0.38119484005,0.0002985540665666493,-692.18675346,149.13307402285716,247.20955480714287,7649.187,5099.457999999999,7500.053925977143,4852.248445192856
142,142,0.66384034478,0.38413653154,0.0002880290750800742,-707.30400815,146.79264190071427,252.60857433928572,7649.187,5099.457999999999,7502.3943580992855,4846.849425660713
143,143,0.6607808066,0.38674568314,0.0002843690735747087,-721.48592536,144.44050463857144,257.67354477142857,7649.187,5099.457999999999,7504.746495361428,4841.784455228571
144,144,0.65784065975,0.38935376485,0.0002762337792484452,-735.35977987,142.19727734928568,262.6284928107143,7649.187,5099.457999999999,7506.989722650715,4836.829507189284
145,145,0.65504756036,0.39203775226,0.00027302733815617067,-749.11220266,140.07634056142854,267.54007237857144,7649.187,5099.457999999999,7509.110659438571,4831.917927621427
146,146,0.65230090902,0.39480303394,0.0002623481920909536,-762.79399926,138.0651521128571,272.4264283071429,7649.187,5099.457999999999,7511.121847887142,4827.031571692856
147,147,0.65000942749,0.39768323644,0.0002476500202141447,-776.12053704,136.30032933428572,277.1859060857143,7649.187,5099.457999999999,7512.8866706657145,4822.272093914285
148,148,0.64806285021,0.40059013828,0.00022844654277248236,-788.78992406,134.79796355571426,281.71068716428573,7649.187,5099.457999999999,7514.389036444286,4817.747312835713
149,149,0.64634727015,0.4032849958,0.0002118415968919035,-800.05024268,133.57836602142856,285.73222952857145,7649.187,5099.457999999999,7515.608633978572,4813.7257704714275
150,150,0.64471115973,0.40535749175,0.00019609632836963263,-808.71698816,132.6379518685714,288.8274957714286,7649.187,5099.457999999999,7516.549048131428,4810.63050422857
151,151,0.64347055123,0.40678019078,0.00018179092921611872,-814.4645587,132.0644818542857,290.8801995357143,7649.187,5099.457999999999,7517.122518145714,4808.577800464284
152,152,0.64259094794,0.40757812835,0.00016961008101141372,-817.38978283,131.84940468071431,291.9249224392857,7649.187,5099.457999999999,7517.337595319285,4807.533077560713
153,153,0.64182113142,0.40777636334,0.00016399380799703153,-817.77336241,131.9185243635714,292.0619151464286,7649.187,5099.457999999999,7517.268475636429,4807.39608485357
154,154,0.64140330341,0.40739550216,0.00015840438330336177,-815.60248122,132.2978433642857,291.28660043571426,7649.187,5099.457999999999,7516.889156635714,4808.171399564284
155,155,0.64163493495,0.40677116387,0.00015397011223427086,-811.77306842,133.0163427628571,289.9189530071429,7649.187,5099.457999999999,7516.170657237143,4809.539046992856
156,156,0.64197276382,0.40570431375,0.00015685495306650834,-806.22179833,133.88969498357142,287.93635654642856,7649.187,5099.457999999999,7515.297305016428,4811.5216434535705
157,157,0.64267248429,0.40431925225,0.0001587674687397996,-799.2951974,134.92338042999995,285.4625705,7649.187,5099.457999999999,7514.26361957,4813.995429499999
158,158,0.64365551721,0.40281169824,0.0001644266169254471,-791.73701593,136.05527028499995,282.763219975,7649.187,5099.457999999999,7513.131729715,4816.694780024999
159,159,0.64500567045,0.40123939087,0.00016955531023364747,-783.73960595,137.27670096499997,279.907002125,7649.187,5099.457999999999,7511.910299035,4819.550997874999
160,160,0.64665070964,0.39982993098,0.00017827031039964377,-776.04344993,138.55985958499997,277.158374975,7649.187,5099.457999999999,7510.627140415,4822.299625024999
161,161,0.64820577181,0.39837683553,0.0001877758584568163,-768.32610396,139.80521652428575,274.40217998571427,7649.187,5099.457999999999,7509.381783475714,4825.055820014284
162,162,0.65028369804,0.39710481816,0.00020547793471952503,-760.85376777,141.1513436607143,271.7334884892857,7649.187,5099.457999999999,7508.035656339285,4827.724511510713
163,163,0.65224296893,0.3959136759,0.00021984124727047121,-753.7397191,142.45359986857142,269.1927568214286,7649.187,5099.457999999999,7506.733400131428,4830.26524317857
164,164,0.65412326718,0.39476989263,0.0002321367400583599,-746.89881998,143.70754359571424,266.74957856428574,7649.187,5099.457999999999,7505.479456404286,4832.708421435713
165,165,0.6561963546,0.39364308895,0.00023968608283476064,-740.09530144,144.96579142571426,264.3197505142857,7649.187,5099.457999999999,7504.221208574286,4835.1382494857135
166,166,0.65805381304,0.39266319296,0.0002501174959079777,-733.98753358,146.12830233999995,262.13840485000003,7649.187,5099.457999999999,7503.05869766,4837.319595149998
167,167,0.65989925227,0.39176014397,0.0002477495988718664,-728.29704923,147.22168412928568,260.1060890107143,7649.187,5099.457999999999,7501.965315870714,4839.351910989284
168,168,0.66132930172,0.39084373065,0.0002457779126090093,-723.06407218,148.13777508428564,258.23716863571434,7649.187,5099.457999999999,7501.049224915714,4841.220831364284
169,169,0.66279942308,0.39019106675,0.00024778542275479036,-718.86013608,148.9605815942857,256.7357628857143,7649.187,5099.457999999999,7500.226418405714,4842.722237114284
170,170,0.66398675072,0.38979005315,0.0002442409275788349,-715.89876429,149.60126543642855,255.67813010357145,7649.187,5099.457999999999,7499.585734563571,4843.779869896427
171,171,0.66481790485,0.38961013538,0.0002433844979243933,-714.17369692,150.03029364571427,255.06203461428572,7649.187,5099.457999999999,7499.156706354285,4844.395965385713
172,172,0.66545095536,0.38962801215,0.00024279403464026714,-713.5307957,150.27848837428573,254.8324270357143,7649.187,5099.457999999999,7498.908511625714,4844.625572964284
173,173,0.66569913786,0.38976283778,0.00024428926228114284,-713.83397361,150.3103938392857,254.9407048607143,7649.187,5099.457999999999,7498.876606160714,4844.517295139284
174,174,0.66582385597,0.3900635746,0.0002451697278930167,-715.05300163,150.18771407928568,255.37607201071432,7649.187,5099.457999999999,7498.999285920714,4844.081927989284
175,175,0.66573428527,0.39064794912,0.00024497163387464187,-717.5653292,149.89805042285712,256.27333185714286,7649.187,5099.457999999999,7499.288949577142,4843.184668142856
176,176,0.66501738833,0.39122727487,0.00024724311155959925,-720.79622278,149.3465066585714,257.4272224214286,7649.187,5099.457999999999,7499.840493341429,4842.03077757857
177,177,0.66444615909,0.39206195591,0.0002475718960165046,-725.00248376,148.71211990428571,258.9294584857143,7649.187,5099.457999999999,7500.474880095714,4840.528541514284
178,178,0.6633766643,0.39292195888,0.0002375544309216178,-729.89313968,147.85963453571424,260.67612131428575,7649.187,5099.457999999999,7501.327365464285,4838.781878685713
179,179,0.66205019326,0.39388170972,0.0002292038489705677,-735.51362868,146.85020612571424,262.68343881428575,7649.187,5099.457999999999,7502.336793874286,4836.774561185713
180,180,0.66080711433,0.39501447134,0.00021085900460455657,-741.84705788,145.7660420357143,264.94537781428573,7649.187,5099.457999999999,7503.420957964286,4834.512622185713
181,181,0.65912445975,0.39625259025,0.00019374238790221892,-748.9890008,144.50266699571426,267.49607171428573,7649.187,5099.457999999999,7504.684333004286,4831.961928285713
182,182,0.6573635671,0.39760448956,0.00017160141569223003,-756.68614409,143.15930785928572,270.2450514607143,7649.187,5099.457999999999,7506.027692140714,4829.212948539284
183,183,0.65563605204,0.39902750278,0.00015985662049389237,-764.65076559,141.7943606107143,273.0895591392857,7649.187,5099.457999999999,7507.392639389285,4826.368440860713
184,184,0.65386497362,0.40043373524,0.00014344095929410018,-772.58968316,140.42114574714282,275.9248868428572,7649.187,5099.457999999999,7508.765854252857,4823.533113157142
185,185,0.65205438145,0.40165124588,0.0001310867154359332,-779.90485198,139.07447711428574,278.5374471357143,7649.187,5099.457999999999,7510.1125228857145,4820.920552864284
186,186,0.65020194835,0.4026063689,0.00012563835731746196,-786.28820364,137.7877860242857,280.8172155857143,7649.187,5099.457999999999,7511.399213975714,4818.640784414284
187,187,0.64866654673,0.40345763106,0.00011130226533497587,-791.91196622,136.66438870857144,282.82570222142857,7649.187,5099.457999999999,7512.522611291429,4816.63229777857
188,188,0.64742172154,0.40425370244,0.00010751035779597773,-796.85019557,135.72844075928572,284.5893555607143,7649.187,5099.457999999999,7513.458559240714,4814.868644439284
189,189,0.64624651709,0.40477911439,0.00010526760383750648,-800.54914383,134.95367840928566,285.9104085107143,7649.187,5099.457999999999,7514.233321590715,4813.547591489284
190,190,0.64542618377,0.40505371538,0.00009559880473782855,-802.82891936,134.42498584285715,286.72461405714284,7649.187,5099.457999999999,7514.762014157142,4812.733385942856
191,191,0.64467152313,0.40490997766,0.00009614979463573134,-803.36778011,134.08308606499997,286.917064325,7649.187,5099.457999999999,7515.103913935,4812.540935674999
192,192,0.64421833468,0.40442374935,0.00009732087992531353,-802.24834728,133.97733361428573,286.51726688571426,7649.187,5099.457999999999,7515.209666385714,4812.940733114285
193,193,0.64415795667,0.40386989381,0.0000984570686985974,-800.24041932,134.11858629285712,285.8001497571429,7649.187,5099.457999999999,7515.068413707143,4813.657850242856
194,194,0.64452884037,0.40320572103,0.0001018945931406011,-797.23288959,134.50213859357137,284.7260319964286,7649.187,5099.457999999999,7514.684861406428,4814.73196800357
195,195,0.64487652899,0.40237439647,0.00011384992581355101,-793.39718516,135.0076735928571,283.3561375571429,7649.187,5099.457999999999,7514.179326407143,4816.101862442856
196,196,0.64540603377,0.4014467613,0.00012732593765343227,-788.91276902,135.64475356571427,281.75456036428574,7649.187,5099.457999999999,7513.5422464342855,4817.703439635713
197,197,0.64645504104,0.4004429936,0.0001321350229252987,-783.70673693,136.46039567071426,279.89526318928574,7649.187,5099.457999999999,7512.726604329286,4819.5627368107125
198,198,0.64731177441,0.39943901162,0.00014231338485729128,-778.54072042,137.26152369714282,278.05025729285717,7649.187,5099.457999999999,7511.925476302857,4821.407742707142
199,199,0.64827424412,0.39844832765,0.0001519470607642597,-773.35157339,138.08473906357136,276.1969904964286,7649.187,5099.457999999999,7511.102260936428,4823.26100950357
200,200,0.64919889914,0.39742717092,0.00016025303814625602,-768.16669792,138.87474520285713,274.3452492571429,7649.187,5099.457999999999,7510.3122547971425,4825.1127507428555
201,201,0.6505636102,0.39681563814,0.0001675578154700705,-763.98315101,139.7330354392857,272.8511253607143,7649.187,5099.457999999999,7509.453964560715,4826.606874639285
202,202,0.65149258248,0.39632888008,0.00017488057157913171,-760.59188852,140.43809992428572,271.6399601857143,7649.187,5099.457999999999,7508.748900075714,4827.818039814284
203,203,0.65256400324,0.39602734656,0.00017875995783896102,-757.82031211,141.11443289214282,270.6501114678572,7649.187,5099.457999999999,7508.072567107857,4828.807888532141
204,204,0.65336399197,0.39590294078,0.0001844232322866345,-755.9080026,141.6680512042857,269.9671437857143,7649.187,5099.457999999999,7507.518948795714,4829.490856214285
205,205,0.65406167882,0.3959457668,0.00018023859492939515,-754.73171124,142.13268308142852,269.54703972857146,7649.187,5099.457999999999,7507.054316918571,4829.910960271427
206,206,0.65487129893,0.39625141358,0.0001839745803136475,-754.41252704,142.56446990857143,269.4330453714286,7649.187,5099.457999999999,7506.622530091428,4830.02495462857
207,207,0.65544110466,0.39675063639,0.00017899738050897214,-754.95270056,142.89061154428572,269.6259644857143,7649.187,5099.457999999999,7506.296388455714,4829.832035514284
208,208,0.6557387152,0.39722959654,0.00017488568154122447,-755.73828927,143.10803704785712,269.9065318821429,7649.187,5099.457999999999,7506.078962952142,4829.551468117856
209,209,0.65622395792,0.39782047137,0.00017735119522089792,-756.82664734,143.33369254714285,270.29523119285716,7649.187,5099.457999999999,7505.853307452857,4829.162768807141
210,210,0.65649329387,0.39843712961,0.00017461661101286825,-758.20355101,143.48310402642858,270.78698250357144,7649.187,5099.457999999999,7505.703895973571,4828.671017496427
211,211,0.6564909187,0.39890534905,0.00017598707436396288,-759.39859156,143.54312921999997,271.2137827,7649.187,5099.457999999999,7505.64387078,4828.244217299999
212,212,0.65667494688,0.39941226746,0.00017704584250169945,-760.66335371,143.61849061214286,271.66548346785714,7649.187,5099.457999999999,7505.568509387857,4827.792516532141
213,213,0.65670764194,0.3998290095,0.00017640369807495358,-761.82523696,143.63683469857142,272.0804417714286,7649.187,5099.457999999999,7505.550165301429,4827.37755822857
214,214,0.65667157429,0.40023166855,0.00018216980124057883,-763.07918604,143.60765552142857,272.5282807285714,7649.187,5099.457999999999,7505.579344478571,4826.9297192714275
215,215,0.65646512829,0.40049346476,0.00017764613640026714,-764.13562996,143.50255349142856,272.90558212857144,7649.187,5099.457999999999,7505.684446508571,4826.552417871428
216,216,0.65631918414,0.40067292791,0.00017248632253019666,-765.0271558,143.3707459957143,273.22398421428574,7649.187,5099.457999999999,7505.816254004286,4826.234015785713
217,217,0.65598844544,0.40081651496,0.00017005685915594802,-766.04483329,143.15658261928564,273.58744046071433,7649.187,5099.457999999999,7506.030417380714,4825.870559539284
218,218,0.65572335352,0.40084126599,0.0001652220860868868,-766.80661449,142.91025248499994,273.85950517500004,7649.187,5099.457999999999,7506.276747515,4825.598494824999
219,219,0.6552571605,0.40077421893,0.00016110998594101667,-767.54706149,142.57609577785712,274.1239505321429,7649.187,5099.457999999999,7506.610904222142,4825.334049467856
220,220,0.65468247175,0.40053782358,0.00016040408955749164,-767.9831178,142.17457223142856,274.27968492857144,7649.187,5099.457999999999,7507.012427768572,4825.178315071427
221,221,0.65429159082,0.40035880352,0.00015650316668224117,-768.57590781,141.77672761357138,274.4913956464286,7649.187,5099.457999999999,7507.410272386429,4824.96660435357
222,222,0.6536003274,0.40000710991,0.00015388062450665674,-768.94569247,141.27899257357137,274.6234615964286,7649.187,5099.457999999999,7507.908007426428,4824.83453840357
223,223,0.65298413609,0.39962490418,0.00015391009553703894,-769.25107326,140.77253431571427,274.73252616428573,7649.187,5099.457999999999,7508.4144656842855,4824.725473835713
224,224,0.65248513674,0.39931622861,0.00014283096882451948,-769.74051691,140.27679140214286,274.90732746785716,7649.187,5099.457999999999,7508.9102085978575,4824.550672532141
225,225,0.65190220414,0.39903377493,0.0001426372995184564,-770.38211684,139.75397084000002,275.1364703,7649.187,5099.457999999999,7509.43302916,4824.321529699999
226,226,0.65134337915,0.39872003531,0.00013776370303097588,-770.91445168,139.23764436428576,275.32658988571427,7649.187,5099.457999999999,7509.949355635714,4824.131410114284
227,227,0.65074717526,0.39833086899,0.00012942413509865676,-771.20237383,138.73018414499995,275.42941922500006,7649.187,5099.457999999999,7510.456815855,4824.028580774999
228,228,0.65042419432,0.39807992737,0.00012428611433178477,-771.64224038,138.31217548857137,275.5865144214286,7649.187,5099.457999999999,7510.874824511428,4823.87148557857
229,229,0.64995920972,0.39780751262,0.00012205552346074951,-772.00626424,137.89892709714286,275.7165229428571,7649.187,5099.457999999999,7511.288072902857,4823.741477057141
230,230,0.64949267268,0.39750193968,0.00011190977677536177,-772.15622725,137.52765318928567,275.7700811607143,7649.187,5099.457999999999,7511.659346810714,4823.687918839284
231,231,0.64931032935,0.39740949513,0.0001090955583734026,-772.60131304,137.2725758985714,275.9290403714286,7649.187,5099.457999999999,7511.914424101428,4823.52895962857
232,232,0.64903470293,0.39736182902,0.000106841977953128,-773.0758968,137.05352144857136,276.0985345714286,7649.187,5099.457999999999,7512.133478551428,4823.35946542857
233,233,0.64876125692,0.39738499654,0.00010069972384368088,-773.57526087,136.89926527785713,276.27687888214285,7649.187,5099.457999999999,7512.287734722143,4823.181121117856
234,234,0.64873300729,0.39754879387,0.00010280658848486826,-774.14036587,136.8677483235714,276.4787020964286,7649.187,5099.457999999999,7512.319251676428,4822.97929790357
235,235,0.64878027725,0.39783400631,0.00010408518350782931,-774.80194491,136.928016205,276.714980325,7649.187,5099.457999999999,7512.258983795,4822.743019674998
236,236,0.64859975366,0.39807670814,0.00010440031856967717,-775.27976465,137.00971252785718,276.88563023214283,7649.187,5099.457999999999,7512.177287472143,4822.572369767856
237,237,0.64864027407,0.39825068828,0.00011196525513546567,-775.22094684,137.21161258857143,276.8646238714286,7649.187,5099.457999999999,7511.9753874114285,4822.5933761285705
238,238,0.64898142718,0.39853709041,0.00011230060237286827,-775.11472049,137.5473336607143,276.8266858892857,7649.187,5099.457999999999,7511.639666339285,4822.631314110713
239,239,0.64913021483,0.39876155117,0.0001226469691369202,-774.80524461,137.8912410607142,276.71615878928577,7649.187,5099.457999999999,7511.295758939285,4822.741841210713
240,240,0.64934295781,0.39880800825,0.0001280621874149165,-773.84419329,138.28277684499994,276.37292617500003,7649.187,5099.457999999999,7510.904223155,4823.085073824998
241,241,0.64996120828,0.39896523231,0.00013333746163164377,-772.85632503,138.7990587078571,276.02011608214286,7649.187,5099.457999999999,7510.387941292142,4823.437883917856
242,242,0.65026243457,0.39901586345,0.00014120957356871243,-771.73337765,139.2527544535714,275.6190634464286,7649.187,5099.457999999999,7509.934245546428,4823.83893655357
243,243,0.65081118113,0.39905318686,0.00013736590633843412,-770.43735768,139.75442527857143,275.15619917142857,7649.187,5099.457999999999,7509.432574721429,4824.30180082857
244,244,0.65140336694,0.39908417077,0.0001457181360705306,-769.14109846,140.24959014,274.69324945,7649.187,5099.457999999999,7508.93740986,4824.764750549999
245,245,0.65184673327,0.39904315588,0.00015037915996425974,-767.81605751,140.6801743307143,274.2200205392857,7649.187,5099.457999999999,7508.506825669286,4825.237979460713
246,246,0.65255060214,0.39916042127,0.00014505795185276436,-766.87410395,141.13851155642857,273.88360855357143,7649.187,5099.457999999999,7508.048488443571,4825.574391446427
247,247,0.65316123486,0.39933716998,0.00014499335037399628,-766.27356749,141.53676115357138,273.6691312464286,7649.187,5099.457999999999,7507.650238846429,4825.788868753571
248,248,0.65348632253,0.39937531192,0.00014371434246803708,-765.57082668,141.8273976242857,273.4181523857143,7649.187,5099.457999999999,7507.3596023757145,4826.039847614285
249,249,0.65401840242,0.39949933731,0.00013937681445675695,-765.10608502,142.1223306585714,273.2521732214286,7649.187,5099.457999999999,7507.064669341428,4826.205826778571
250,250,0.65432804526,0.3994903957,0.0001359168023324972,-764.50661006,142.32713192857142,273.0380750214286,7649.187,5099.457999999999,7506.8598680714285,4826.41992497857
251,251,0.65465386121,0.39951712163,0.00013805872533657882,-764.11386131,142.49518729928576,272.89780761071427,7649.187,5099.457999999999,7506.691812700714,4826.560192389285
252,252,0.65484180819,0.39954581061,0.00013244702656261225,-763.93214136,142.58991628142854,272.83290762857143,7649.187,5099.457999999999,7506.597083718571,4826.625092371427
253,253,0.65495304188,0.39955100806,0.0001355404306983896,-763.85803319,142.62178747500002,272.806440425,7649.187,5099.457999999999,7506.565212525,4826.651559574999
254,254,0.65494775174,0.39948364556,0.00013511910921582188,-763.7758716,142.58109157999996,272.777097,7649.187,5099.457999999999,7506.60590842,4826.680902999999
255,255,0.65494447784,0.39947259458,0.00013362608727557698,-763.97727324,142.49767230285715,272.8490261571429,7649.187,5099.457999999999,7506.689327697142,4826.608973842855
256,256,0.65484482794,0.39940039532,0.0001313391462956883,-764.17257386,142.3528537814285,272.91877637857147,7649.187,5099.457999999999,7506.834146218572,4826.5392236214275
257,257,0.65469920384,0.39935370038,0.0001366372769703896,-764.55826403,142.16655681214286,273.05652286785715,7649.187,5099.457999999999,7507.020443187857,4826.401477132142
258,258,0.65438563749,0.39923158312,0.00013013246845269014,-764.91151873,141.91342449928567,273.1826852607143,7649.187,5099.457999999999,7507.273575500714,4826.275314739284
259,259,0.65420900342,0.39908243298,0.00012694605138273838,-765.1509342,141.67284196428568,273.2681907857143,7649.187,5099.457999999999,7507.514158035714,4826.189809214285
260,260,0.65388807967,0.39891844185,0.00012851253450781445,-765.46709528,141.38941954285718,273.38110545714284,7649.187,5099.457999999999,7507.797580457142,4826.076894542856
261,261,0.6535226221,0.39869103705,0.00011973387214806678,-765.65261046,141.0867227814286,273.44736087857143,7649.187,5099.457999999999,7508.100277218571,4826.010639121428
262,262,0.65327918239,0.39848549276,0.00012300861151703154,-765.83366673,140.80834768785712,273.51202383214286,7649.187,5099.457999999999,7508.378652312143,4825.945976167855
263,263,0.65292600559,0.39825124814,0.0001198919970359332,-766.00255103,140.50447891642858,273.5723396535714,7649.187,5099.457999999999,7508.682521083571,4825.885660346427
264,264,0.65267373415,0.39803520546,0.00011655622968578848,-766.15074468,140.22692490285715,273.62526595714286,7649.187,5099.457999999999,7508.960075097143,4825.832734042856
265,265,0.65241303221,0.39787840895,0.00012071488542171428,-766.45521266,139.95515910857142,273.7340045214286,7649.187,5099.457999999999,7509.231840891429,4825.72399547857
266,266,0.65200863302,0.39766836176,0.00012055295599720964,-766.67024461,139.65996801357136,273.8108016464286,7649.187,5099.457999999999,7509.5270319864285,4825.64719835357
267,267,0.65184412346,0.39760438026,0.00011956948862373282,-767.13408462,139.42778688714282,273.97645879285716,7649.187,5099.457999999999,7509.759213112857,4825.481541207141
268,268,0.65148852943,0.39750230436,0.0001180010163911243,-767.56802119,139.1666773807143,274.1314361392857,7649.187,5099.457999999999,7510.020322619285,4825.326563860713
269,269,0.65136762827,0.39757031376,0.00011831418591869386,-768.30823039,138.97302889214285,274.39579656785713,7649.187,5099.457999999999,7510.213971107857,4825.062203432141
270,270,0.65095696564,0.39757680287,0.00012128980792020778,-769.00107272,138.73233217285707,274.6432402571429,7649.187,5099.457999999999,7510.454667827143,4824.814759742856
271,271,0.65072953761,0.39763341307,0.00011142779987674953,-769.66840922,138.5528574685714,274.8815747214286,7649.187,5099.457999999999,7510.634142531429,4824.57642527857
272,272,0.65062987669,0.3978614774,0.00011445395692408161,-770.66769227,138.433097735,275.238461525,7649.187,5099.457999999999,7510.753902265,4824.219538474998
273,273,0.65034554727,0.39807238729,0.00011585093176092021,-771.64219326,138.30435261714285,275.58649759285714,7649.187,5099.457999999999,7510.882647382857,4823.871502407142
274,274,0.65013615341,0.39823515552,0.00011084599956636734,-772.32037514,138.2313810628571,275.8287054071429,7649.187,5099.457999999999,7510.955618937142,4823.629294592856
275,275,0.64997182526,0.39843843158,0.00011574578105338773,-772.96414099,138.21281846785712,276.0586217821429,7649.187,5099.457999999999,7510.974181532143,4823.399378217856
276,276,0.65006201502,0.39877561615,0.00011524984947116882,-773.71916086,138.2937520042857,276.3282717357143,7649.187,5099.457999999999,7510.893247995714,4823.1297282642845
277,277,0.6501804504,0.39914924091,0.00011415241655118366,-774.44600824,138.42263538428574,276.5878600857143,7649.187,5099.457999999999,7510.764364615714,4822.870139914285
278,278,0.65018446596,0.39943069533,0.00012350533150005195,-774.85955513,138.56757881642858,276.7355554035714,7649.187,5099.457999999999,7510.619421183571,4822.7224445964275
279,279,0.65016542171,0.39955775803,0.00012380016965343225,-774.75514265,138.73698086785708,276.6982652321429,7649.187,5099.457999999999,7510.450019132143,4822.759734767856
280,280,0.65040451986,0.39965963087,0.00013090436937083488,-774.34037069,138.99103473071426,276.55013238928575,7649.187,5099.457999999999,7510.195965269286,4822.907867610713
281,281,0.6506527632,0.39978012741,0.00012650584159703152,-773.92014844,139.26639890571425,276.40005301428573,7649.187,5099.457999999999,7509.920601094285,4823.057946985713
282,282,0.65087790982,0.39984970339,0.00013174025045717253,-773.34720869,139.543361005,276.195431675,7649.187,5099.457999999999,7509.6436389949995,4823.262568324999
283,283,0.65108734578,0.39976881614,0.00013485392833211132,-772.34899655,139.81576382071427,275.83892733928576,7649.187,5099.457999999999,7509.371236179286,4823.619072660713
284,284,0.65159450102,0.39981247474,0.00013210834201220036,-771.52438526,140.15566134285712,275.5444233071429,7649.187,5099.457999999999,7509.031338657142,4823.913576692856
285,285,0.65176113169,0.39974340706,0.00013485371011360295,-770.61809312,140.40752484714284,275.22074754285717,7649.187,5099.457999999999,7508.779475152857,4824.237252457142
286,286,0.6521496804,0.3996125487,0.000136336395302115,-769.44163977,140.69162838785712,274.8005856321429,7649.187,5099.457999999999,7508.495371612143,4824.657414367855
287,287,0.65258123889,0.39952640943,0.00013301393579933206,-768.40958126,140.9706584728571,274.4319933071429,7649.187,5099.457999999999,7508.2163415271425,4825.026006692856
288,288,0.65271256306,0.39934965988,0.00013877784970116512,-767.3742815,141.15663522714283,274.06224339285717,7649.187,5099.457999999999,7508.030364772857,4825.395756607141
289,289,0.65320704219,0.39926065369,0.0001327302721570909,-766.43524695,141.39946161928572,273.7268739107143,7649.187,5099.457999999999,7507.787538380714,4825.731126089285
290,290,0.65346836815,0.39920972344,0.00013683416437669757,-765.82310362,141.56513013714283,273.50825129285715,7649.187,5099.457999999999,7507.621869862857,4825.949748707141
291,291,0.65371590884,0.39911221257,0.00013814150716105379,-765.17805965,141.6941172635714,273.2778784464286,7649.187,5099.457999999999,7507.492882736428,4826.18012155357
292,292,0.65378981159,0.39902178013,0.00013214211029966602,-764.76107009,141.74901608642853,273.12895360357146,7649.187,5099.457999999999,7507.437983913572,4826.329046396428
293,293,0.65417379068,0.39908730511,0.0001318564015357625,-764.69535565,141.8406143192857,273.1054841607143,7649.187,5099.457999999999,7507.346385680714,4826.352515839284
294,294,0.65409854993,0.3990509021,0.00013397376431554728,-764.71287206,141.7965088785714,273.1117400214286,7649.187,5099.457999999999,7507.390491121429,4826.34625997857
295,295,0.65408472584,0.39902558986,0.00013012023880038589,-764.81855725,141.7324460878571,273.14948473214287,7649.187,5099.457999999999,7507.454553912143,4826.308515267856
296,296,0.6541270448,0.39906760114,0.000133944243686115,-765.16154454,141.65363132714288,273.27198019285714,7649.187,5099.457999999999,7507.533368672857,4826.186019807142
297,297,0.65405659204,0.39913347661,0.00013056511045438218,-765.71536311,141.5243322007143,273.4697725392857,7649.187,5099.457999999999,7507.662667799285,4825.9882274607135
298,298,0.65367871621,0.39910565728,0.00013622776247581444,-766.24594529,141.305913745,273.659266175,7649.187,5099.457999999999,7507.881086255,4825.798733824999
299,299,0.65372293578,0.39921340943,0.00013260986321597028,-766.95616379,141.16429825071424,273.91291563928576,7649.187,5099.457999999999,7508.022701749285,4825.545084360713
300,300,0.65337026086,0.39923044916,0.00013570940314953619,-767.6790931,140.92382607142855,274.17110467857145,7649.187,5099.457999999999,7508.263173928572,4825.286895321427