stage,key,speedKmh,yawDeg,nativeCells,gpuCells,gpuFluidCells,nativeCd,gpuCd,nativeCl,gpuCl,cdErrorPercent,clErrorPercent,nativeForceSettled,nativeResidualConverged,gpuForceStable,gpuHealthy,inputsMatch,agrees,quality,nativeWallSeconds,gpuWallSeconds,cdNativeBlockEnvelopeLow,cdNativeBlockEnvelopeHigh,cdGpuInNativeBlockEnvelope,clNativeBlockEnvelopeLow,clNativeBlockEnvelopeHigh,clGpuInNativeBlockEnvelope
small,small-pair-01,95.5,1.0,41417,62500,59516,0.51895231717675,0.3770148351164607,0.6067999315437,0.3456534241421721,27.35077527593866,43.03667384028386,True,True,True,True,True,False,True,62.85203350009397,27.1472000002861,0.5189312450072,0.5189696992928,False,0.6067673735756,0.6068521487984,False
small,small-pair-02,96.5,0.6,41417,62500,59516,0.51785116705885,0.37718400123445345,0.6066762228896,0.34766700071779855,27.16362823382626,42.693155327258424,True,True,True,True,True,False,True,121.67782125016674,27.057199999809264,0.5178494498504,0.5178528842604,False,0.6066749508092,0.6066774949676,False
small,small-pair-03,97.5,-0.2,41417,62500,59516,0.5170686556895,0.3763400639266091,0.6063489666121,0.3352339578257255,27.216616249003202,44.71270237355168,True,False,True,True,True,False,False,185.90480529190972,27.269,0.5170669602028001,0.517070351128,False,0.6063477552048,0.606350178022,False
small,small-pair-04,98.5,1.4,41417,62500,59516,0.52051995607695,0.38029682111780283,0.60581987934935,0.34708197480152897,26.939050716898468,42.70871811365868,True,True,True,True,True,False,True,127.68208683421835,27.178900000095368,0.5205019716464,0.5205295927256001,False,0.6057792643224,0.6058380444088001,False
small,small-pair-05,99.5,-1.0,41417,62500,59516,0.518740750345,0.3746750549213268,0.6065303236725,0.3435360563192703,27.772195519218247,43.36044828901831,True,False,False,True,True,False,False,181.59691962460056,26.89460000038147,0.518739007864,0.518742479798,False,0.6065290841812,0.6065315764879999,False
small,small-pair-06,100.5,-0.6,41417,62500,59516,0.51777381929,0.3757868742941797,0.6066979954299999,0.33436293638886194,27.422581000816272,44.88807629043167,True,False,True,True,True,False,False,184.92681687511504,27.280800000190734,0.5177721126564,0.5177755259236,False,0.6066967482075999,0.6066992426523999,False
small,small-pair-07,101.5,-1.4,41417,62500,59516,0.5203733084783999,0.37163333858316716,0.60594727978765,0.3424235716383311,28.583320372475786,43.48954388270691,True,True,True,True,True,False,True,181.84580079186708,27.18260000038147,0.5203588924316,0.5203901961332,False,0.6059122718868,0.605998389872,False
small,small-pair-08,102.5,0.2,41417,62500,59516,0.51706912156645,0.3780684491138862,0.6064034012842999,0.3480509390258066,26.882416035880112,42.60405890061458,True,True,True,True,True,False,True,63.72657599998638,27.198699999809264,0.51706738603,0.517070828074,False,0.6064021137291999,0.6064046856024,False
small,small-pair-09,103.5,1.8,41417,62500,59516,0.52267362838955,0.3820222778630857,0.60514508735495,0.3501758808753709,26.90997649141703,42.13356628144054,True,True,True,True,True,False,True,64.24805308319628,27.087400000095368,0.5226526394148,0.5226961248044,False,0.6051094071323999,0.6051679236132,False
small,small-pair-10,104.5,-1.8,41417,62500,59516,0.5224855875526501,0.3715629905586049,0.6053077271872,0.34114636967470013,28.885504325769922,43.640836825267264,True,False,True,True,True,False,False,195.3674594159238,28.421900000095366,0.522460507476,0.5224954971108,False,0.6052074681188,0.60534902955,False
medium,medium-pair-01,95.5,1.0,193819,250000,237206,0.54735939240265,0.36465992568057365,0.61929821847135,0.37350733708919237,33.37833775357571,39.68861431393387,False,False,True,True,True,False,False,1799.206376499962,277.47810000038146,0.5434281928968,0.5514238705444,False,0.5923734556408,0.6380141799292001,False
medium,medium-pair-02,96.5,0.6,193819,250000,237206,0.54762231752565,0.36489079693697557,0.6229704481653,0.3790302000770938,33.36816538345619,39.15759548572979,False,False,True,True,True,False,False,1777.0258399173617,277.6085,0.5437347674608,0.5522116394788,False,0.5961752579536,0.6358773342740001,False
medium,medium-pair-03,97.5,-0.2,193819,250000,237206,0.54587693761425,0.365262587470344,0.61957488608375,0.37229952407912137,33.0870087557242,39.910488232927435,False,False,True,True,True,False,False,1882.5563748748973,276.879,0.54335760097,0.5486639060716,False,0.6012942476928,0.6329397876644,False
medium,medium-pair-04,98.5,1.4,193819,250000,237206,0.5480862325003,0.36600942157841576,0.6242749027343499,0.37678051862652273,33.220467898139475,39.64509593831044,False,False,True,True,True,False,False,1887.1636175406165,271.79359999990464,0.543492902978,0.5520542933932,False,0.5999205550764001,0.6391992360548,False
medium,medium-pair-05,99.5,-1.0,193819,250000,237206,0.54882694557545,0.36920516694825717,0.6257675015830501,0.37068102114482304,32.72830900072841,40.763778846443124,False,False,True,True,True,False,False,1915.3973500002176,275.98340000009534,0.5445439165172,0.5548710078496,False,0.6048962794575999,0.6381841178263999,False
medium,medium-pair-06,100.5,-0.6,193819,250000,237206,0.5476645886032501,0.3664578928988923,0.62392295708125,0.3693529885188202,33.08716675776003,40.801506928567555,False,False,True,True,True,False,False,1915.4058342920616,275.3957999997139,0.5433354272095999,0.5504280858352,False,0.5935464598068,0.639407235922,False
medium,medium-pair-07,101.5,-1.4,193819,250000,237206,0.54848999331645,0.3700873768818824,0.62831434617545,0.3640669623151628,32.526138782560906,42.05655743319587,False,False,True,True,True,False,False,1928.941488832701,278.41680000019073,0.5449502833948,0.5515636327608,False,0.6100856603864,0.6426403080128,False
medium,medium-pair-08,102.5,0.2,193819,250000,237206,0.5463553409516,0.3678059436996614,0.62593869796295,0.38608128859193636,32.680086359356324,38.31963260165951,False,False,True,True,True,False,False,1890.6159067912959,275.3983999996185,0.5419570596536,0.5511005609384,False,0.5953132636692,0.6377230627588,False
medium,medium-pair-09,103.5,1.8,193819,250000,237206,0.5510165521946501,0.3662646592350314,0.63509734501535,0.3708276245082503,33.529281874340846,41.61089990081952,False,False,True,True,True,False,False,1907.1054525421932,220.22210000038146,0.54718518897,0.5539040470552,False,0.6215329789908001,0.6410678189564,False
medium,medium-pair-10,104.5,-1.8,193819,250000,237206,0.55131628909875,0.37013655651248717,0.63721526987885,0.36064812782547545,32.86311980414032,43.40246618791114,False,False,True,True,True,False,False,1922.7841729582287,222.45569999980927,0.5470910310836,0.5550083731288,False,0.6150427014532,0.6451089912792,False
